rsid,Gene_ID,Gene_Name,Consequence,Gene stable ID,3' UTR start,3' UTR end
rs4575098,ENSG00000158859,ADAMTS4,3_prime_UTR_variant,ENSG00000158859,,
rs4575098,ENSG00000158859,ADAMTS4,3_prime_UTR_variant,ENSG00000158859,161184302.0,161191137.0
rs4575098,ENSG00000158859,ADAMTS4,3_prime_UTR_variant,ENSG00000158859,161195979.0,161196493.0
rs4575098,ENSG00000158859,ADAMTS4,3_prime_UTR_variant,ENSG00000158859,161189751.0,161191137.0
rs4575098,ENSG00000158859,ADAMTS4,3_prime_UTR_variant,ENSG00000158859,161189740.0,161191137.0
rs4575098,ENSG00000158859,ADAMTS4,3_prime_UTR_variant,ENSG00000158859,161189731.0,161191137.0
rs4575098,ENSG00000158859,ADAMTS4,3_prime_UTR_variant,ENSG00000158859,161189749.0,161191137.0
rs4575098,ENSG00000158859,,3_prime_UTR_variant,ENSG00000158859,,
rs4575098,ENSG00000158859,,3_prime_UTR_variant,ENSG00000158859,161184302.0,161191137.0
rs4575098,ENSG00000158859,,3_prime_UTR_variant,ENSG00000158859,161195979.0,161196493.0
rs4575098,ENSG00000158859,,3_prime_UTR_variant,ENSG00000158859,161189751.0,161191137.0
rs4575098,ENSG00000158859,,3_prime_UTR_variant,ENSG00000158859,161189740.0,161191137.0
rs4575098,ENSG00000158859,,3_prime_UTR_variant,ENSG00000158859,161189731.0,161191137.0
rs4575098,ENSG00000158859,,3_prime_UTR_variant,ENSG00000158859,161189749.0,161191137.0
rs148763909,ENSG00000164576,SAP30L,3_prime_UTR_variant,ENSG00000164576,,
rs148763909,ENSG00000164576,SAP30L,3_prime_UTR_variant,ENSG00000164576,154456029.0,154461053.0
rs148763909,ENSG00000164576,SAP30L,3_prime_UTR_variant,ENSG00000164576,154456029.0,154456331.0
rs148763909,ENSG00000164576,SAP30L,3_prime_UTR_variant,ENSG00000164576,154456029.0,154456147.0
rs148763909,ENSG00000164576,SAP30L,3_prime_UTR_variant,ENSG00000164576,154456029.0,154456153.0
rs114812713,ENSG00000124596,TREM2,3_prime_UTR_variant,ENSG00000124596,,
rs114812713,ENSG00000124596,TREM2,3_prime_UTR_variant,ENSG00000124596,41052265.0,41052276.0
rs114812713,ENSG00000124596,TREM2,3_prime_UTR_variant,ENSG00000124596,41034690.0,41035135.0
rs114812713,ENSG00000124596,TREM2,3_prime_UTR_variant,ENSG00000124596,41033627.0,41034181.0
rs114812713,ENSG00000124596,TREM2,3_prime_UTR_variant,ENSG00000124596,41064772.0,41067334.0
rs114812713,ENSG00000124596,TREM2,3_prime_UTR_variant,ENSG00000124596,41064778.0,41067334.0
rs114812713,ENSG00000124596,TREM2,3_prime_UTR_variant,ENSG00000124596,41066475.0,41067334.0
rs114812713,ENSG00000124596,TREM2,3_prime_UTR_variant,ENSG00000124596,41066788.0,41067419.0
rs114812713,ENSG00000124596,TREM2,3_prime_UTR_variant,ENSG00000124596,41066793.0,41067419.0
rs114812713,ENSG00000124596,TREM2,3_prime_UTR_variant,ENSG00000124596,41066939.0,41067419.0
rs114812713,ENSG00000124596,TREM2,3_prime_UTR_variant,ENSG00000124596,41067127.0,41067387.0
rs114812713,ENSG00000124596,TREM2,3_prime_UTR_variant,ENSG00000124596,41067146.0,41067387.0
rs114812713,ENSG00000124596,TREM2,3_prime_UTR_variant,ENSG00000124596,41067181.0,41067334.0
rs114812713,ENSG00000124596,TREM2,3_prime_UTR_variant,ENSG00000124596,41067197.0,41067334.0
rs114812713,ENSG00000124596,TREM2,3_prime_UTR_variant,ENSG00000124596,41070825.0,41071048.0
rs114812713,ENSG00000124596,TREM2,3_prime_UTR_variant,ENSG00000124596,41071041.0,41071048.0
rs114812713,ENSG00000124596,TREM2,3_prime_UTR_variant,ENSG00000124596,41066791.0,41067334.0
rs114812713,ENSG00000124596,UNC5CL,3_prime_UTR_variant,ENSG00000124596,,
rs114812713,ENSG00000124596,UNC5CL,3_prime_UTR_variant,ENSG00000124596,41052265.0,41052276.0
rs114812713,ENSG00000124596,UNC5CL,3_prime_UTR_variant,ENSG00000124596,41034690.0,41035135.0
rs114812713,ENSG00000124596,UNC5CL,3_prime_UTR_variant,ENSG00000124596,41033627.0,41034181.0
rs114812713,ENSG00000124596,UNC5CL,3_prime_UTR_variant,ENSG00000124596,41064772.0,41067334.0
rs114812713,ENSG00000124596,UNC5CL,3_prime_UTR_variant,ENSG00000124596,41064778.0,41067334.0
rs114812713,ENSG00000124596,UNC5CL,3_prime_UTR_variant,ENSG00000124596,41066475.0,41067334.0
rs114812713,ENSG00000124596,UNC5CL,3_prime_UTR_variant,ENSG00000124596,41066788.0,41067419.0
rs114812713,ENSG00000124596,UNC5CL,3_prime_UTR_variant,ENSG00000124596,41066793.0,41067419.0
rs114812713,ENSG00000124596,UNC5CL,3_prime_UTR_variant,ENSG00000124596,41066939.0,41067419.0
rs114812713,ENSG00000124596,UNC5CL,3_prime_UTR_variant,ENSG00000124596,41067127.0,41067387.0
rs114812713,ENSG00000124596,UNC5CL,3_prime_UTR_variant,ENSG00000124596,41067146.0,41067387.0
rs114812713,ENSG00000124596,UNC5CL,3_prime_UTR_variant,ENSG00000124596,41067181.0,41067334.0
rs114812713,ENSG00000124596,UNC5CL,3_prime_UTR_variant,ENSG00000124596,41067197.0,41067334.0
rs114812713,ENSG00000124596,UNC5CL,3_prime_UTR_variant,ENSG00000124596,41070825.0,41071048.0
rs114812713,ENSG00000124596,UNC5CL,3_prime_UTR_variant,ENSG00000124596,41071041.0,41071048.0
rs114812713,ENSG00000124596,UNC5CL,3_prime_UTR_variant,ENSG00000124596,41066791.0,41067334.0
rs114812713,ENSG00000124596,OARD1,3_prime_UTR_variant,ENSG00000124596,,
rs114812713,ENSG00000124596,OARD1,3_prime_UTR_variant,ENSG00000124596,41052265.0,41052276.0
rs114812713,ENSG00000124596,OARD1,3_prime_UTR_variant,ENSG00000124596,41034690.0,41035135.0
rs114812713,ENSG00000124596,OARD1,3_prime_UTR_variant,ENSG00000124596,41033627.0,41034181.0
rs114812713,ENSG00000124596,OARD1,3_prime_UTR_variant,ENSG00000124596,41064772.0,41067334.0
rs114812713,ENSG00000124596,OARD1,3_prime_UTR_variant,ENSG00000124596,41064778.0,41067334.0
rs114812713,ENSG00000124596,OARD1,3_prime_UTR_variant,ENSG00000124596,41066475.0,41067334.0
rs114812713,ENSG00000124596,OARD1,3_prime_UTR_variant,ENSG00000124596,41066788.0,41067419.0
rs114812713,ENSG00000124596,OARD1,3_prime_UTR_variant,ENSG00000124596,41066793.0,41067419.0
rs114812713,ENSG00000124596,OARD1,3_prime_UTR_variant,ENSG00000124596,41066939.0,41067419.0
rs114812713,ENSG00000124596,OARD1,3_prime_UTR_variant,ENSG00000124596,41067127.0,41067387.0
rs114812713,ENSG00000124596,OARD1,3_prime_UTR_variant,ENSG00000124596,41067146.0,41067387.0
rs114812713,ENSG00000124596,OARD1,3_prime_UTR_variant,ENSG00000124596,41067181.0,41067334.0
rs114812713,ENSG00000124596,OARD1,3_prime_UTR_variant,ENSG00000124596,41067197.0,41067334.0
rs114812713,ENSG00000124596,OARD1,3_prime_UTR_variant,ENSG00000124596,41070825.0,41071048.0
rs114812713,ENSG00000124596,OARD1,3_prime_UTR_variant,ENSG00000124596,41071041.0,41071048.0
rs114812713,ENSG00000124596,OARD1,3_prime_UTR_variant,ENSG00000124596,41066791.0,41067334.0
rs145049847,ENSG00000183921,Intergenic,3_prime_UTR_variant,ENSG00000183921,,
rs145049847,ENSG00000183921,Intergenic,3_prime_UTR_variant,ENSG00000183921,22178185.0,22178212.0
rs145049847,ENSG00000183921,Intergenic,3_prime_UTR_variant,ENSG00000183921,22181519.0,22181656.0
rs145049847,ENSG00000183921,Intergenic,3_prime_UTR_variant,ENSG00000183921,22182212.0,22182277.0
rs145049847,ENSG00000183921,Intergenic,3_prime_UTR_variant,ENSG00000183921,22184181.0,22184244.0
rs145049847,ENSG00000183921,Intergenic,3_prime_UTR_variant,ENSG00000183921,22186721.0,22186794.0
rs145049847,ENSG00000183921,Intergenic,3_prime_UTR_variant,ENSG00000183921,22191865.0,22192208.0
rs145049847,ENSG00000183921,Intergenic,3_prime_UTR_variant,ENSG00000183921,22186894.0,22187606.0
rs145049847,ENSG00000183921,Intergenic,3_prime_UTR_variant,ENSG00000183921,22190394.0,22191751.0
rs145049847,ENSG00000183921,Intergenic,3_prime_UTR_variant,ENSG00000183921,22170908.0,22170951.0
rs145049847,ENSG00000183921,Intergenic,3_prime_UTR_variant,ENSG00000183921,22172256.0,22172331.0
rs145049847,ENSG00000183921,Intergenic,3_prime_UTR_variant,ENSG00000183921,22178130.0,22178212.0
rs145049847,ENSG00000183921,Intergenic,3_prime_UTR_variant,ENSG00000183921,22186721.0,22187595.0
rs72835061,ENSG00000205710,"CHRNE,C17orf107",3_prime_UTR_variant,ENSG00000205710,,
rs72835061,ENSG00000205710,"CHRNE,C17orf107",3_prime_UTR_variant,ENSG00000205710,4900167.0,4900799.0
rs72835061,ENSG00000205710,"CHRNE,C17orf107",3_prime_UTR_variant,ENSG00000205710,4900534.0,4902934.0
rs72835061,ENSG00000205710,"CHRNE,C17orf107",3_prime_UTR_variant,ENSG00000205710,4900534.0,4902932.0
rs72835061,ENSG00000205710,CHRNE,3_prime_UTR_variant,ENSG00000205710,,
rs72835061,ENSG00000205710,CHRNE,3_prime_UTR_variant,ENSG00000205710,4900167.0,4900799.0
rs72835061,ENSG00000205710,CHRNE,3_prime_UTR_variant,ENSG00000205710,4900534.0,4902934.0
rs72835061,ENSG00000205710,CHRNE,3_prime_UTR_variant,ENSG00000205710,4900534.0,4902932.0
rs6857,ENSG00000130202,,3_prime_UTR_variant,ENSG00000130202,,
rs6857,ENSG00000130202,,3_prime_UTR_variant,ENSG00000130202,44878621.0,44878941.0
rs6857,ENSG00000130202,,3_prime_UTR_variant,ENSG00000130202,44888380.0,44889223.0
rs6857,ENSG00000130202,,3_prime_UTR_variant,ENSG00000130202,44878621.0,44878938.0
rs6857,ENSG00000130202,,3_prime_UTR_variant,ENSG00000130202,44878460.0,44878938.0
rs6857,ENSG00000130202,,3_prime_UTR_variant,ENSG00000130202,44888246.0,44888894.0
rs6857,ENSG00000130202,,3_prime_UTR_variant,ENSG00000130202,44888380.0,44889228.0
rs6857,ENSG00000130202,,3_prime_UTR_variant,ENSG00000130202,44888380.0,44889222.0
rs6857,ENSG00000130202,,3_prime_UTR_variant,ENSG00000130202,44888380.0,44889221.0
rs6857,ENSG00000130202,,3_prime_UTR_variant,ENSG00000130202,44888380.0,44889219.0
rs6857,ENSG00000130202,,3_prime_UTR_variant,ENSG00000130202,44888380.0,44889220.0
rs6857,ENSG00000130202,PVRL2,3_prime_UTR_variant,ENSG00000130202,,
rs6857,ENSG00000130202,PVRL2,3_prime_UTR_variant,ENSG00000130202,44878621.0,44878941.0
rs6857,ENSG00000130202,PVRL2,3_prime_UTR_variant,ENSG00000130202,44888380.0,44889223.0
rs6857,ENSG00000130202,PVRL2,3_prime_UTR_variant,ENSG00000130202,44878621.0,44878938.0
rs6857,ENSG00000130202,PVRL2,3_prime_UTR_variant,ENSG00000130202,44878460.0,44878938.0
rs6857,ENSG00000130202,PVRL2,3_prime_UTR_variant,ENSG00000130202,44888246.0,44888894.0
rs6857,ENSG00000130202,PVRL2,3_prime_UTR_variant,ENSG00000130202,44888380.0,44889228.0
rs6857,ENSG00000130202,PVRL2,3_prime_UTR_variant,ENSG00000130202,44888380.0,44889222.0
rs6857,ENSG00000130202,PVRL2,3_prime_UTR_variant,ENSG00000130202,44888380.0,44889221.0
rs6857,ENSG00000130202,PVRL2,3_prime_UTR_variant,ENSG00000130202,44888380.0,44889219.0
rs6857,ENSG00000130202,PVRL2,3_prime_UTR_variant,ENSG00000130202,44888380.0,44889220.0
rs6857,ENSG00000130202,APOE,3_prime_UTR_variant,ENSG00000130202,,
rs6857,ENSG00000130202,APOE,3_prime_UTR_variant,ENSG00000130202,44878621.0,44878941.0
rs6857,ENSG00000130202,APOE,3_prime_UTR_variant,ENSG00000130202,44888380.0,44889223.0
rs6857,ENSG00000130202,APOE,3_prime_UTR_variant,ENSG00000130202,44878621.0,44878938.0
rs6857,ENSG00000130202,APOE,3_prime_UTR_variant,ENSG00000130202,44878460.0,44878938.0
rs6857,ENSG00000130202,APOE,3_prime_UTR_variant,ENSG00000130202,44888246.0,44888894.0
rs6857,ENSG00000130202,APOE,3_prime_UTR_variant,ENSG00000130202,44888380.0,44889228.0
rs6857,ENSG00000130202,APOE,3_prime_UTR_variant,ENSG00000130202,44888380.0,44889222.0
rs6857,ENSG00000130202,APOE,3_prime_UTR_variant,ENSG00000130202,44888380.0,44889221.0
rs6857,ENSG00000130202,APOE,3_prime_UTR_variant,ENSG00000130202,44888380.0,44889219.0
rs6857,ENSG00000130202,APOE,3_prime_UTR_variant,ENSG00000130202,44888380.0,44889220.0
rs6857,ENSG00000130202,APOC1,3_prime_UTR_variant,ENSG00000130202,,
rs6857,ENSG00000130202,APOC1,3_prime_UTR_variant,ENSG00000130202,44878621.0,44878941.0
rs6857,ENSG00000130202,APOC1,3_prime_UTR_variant,ENSG00000130202,44888380.0,44889223.0
rs6857,ENSG00000130202,APOC1,3_prime_UTR_variant,ENSG00000130202,44878621.0,44878938.0
rs6857,ENSG00000130202,APOC1,3_prime_UTR_variant,ENSG00000130202,44878460.0,44878938.0
rs6857,ENSG00000130202,APOC1,3_prime_UTR_variant,ENSG00000130202,44888246.0,44888894.0
rs6857,ENSG00000130202,APOC1,3_prime_UTR_variant,ENSG00000130202,44888380.0,44889228.0
rs6857,ENSG00000130202,APOC1,3_prime_UTR_variant,ENSG00000130202,44888380.0,44889222.0
rs6857,ENSG00000130202,APOC1,3_prime_UTR_variant,ENSG00000130202,44888380.0,44889221.0
rs6857,ENSG00000130202,APOC1,3_prime_UTR_variant,ENSG00000130202,44888380.0,44889219.0
rs6857,ENSG00000130202,APOC1,3_prime_UTR_variant,ENSG00000130202,44888380.0,44889220.0
rs6857,ENSG00000130202,"PVRL2,TOMM40,APOE,APOC1",3_prime_UTR_variant,ENSG00000130202,,
rs6857,ENSG00000130202,"PVRL2,TOMM40,APOE,APOC1",3_prime_UTR_variant,ENSG00000130202,44878621.0,44878941.0
rs6857,ENSG00000130202,"PVRL2,TOMM40,APOE,APOC1",3_prime_UTR_variant,ENSG00000130202,44888380.0,44889223.0
rs6857,ENSG00000130202,"PVRL2,TOMM40,APOE,APOC1",3_prime_UTR_variant,ENSG00000130202,44878621.0,44878938.0
rs6857,ENSG00000130202,"PVRL2,TOMM40,APOE,APOC1",3_prime_UTR_variant,ENSG00000130202,44878460.0,44878938.0
rs6857,ENSG00000130202,"PVRL2,TOMM40,APOE,APOC1",3_prime_UTR_variant,ENSG00000130202,44888246.0,44888894.0
rs6857,ENSG00000130202,"PVRL2,TOMM40,APOE,APOC1",3_prime_UTR_variant,ENSG00000130202,44888380.0,44889228.0
rs6857,ENSG00000130202,"PVRL2,TOMM40,APOE,APOC1",3_prime_UTR_variant,ENSG00000130202,44888380.0,44889222.0
rs6857,ENSG00000130202,"PVRL2,TOMM40,APOE,APOC1",3_prime_UTR_variant,ENSG00000130202,44888380.0,44889221.0
rs6857,ENSG00000130202,"PVRL2,TOMM40,APOE,APOC1",3_prime_UTR_variant,ENSG00000130202,44888380.0,44889219.0
rs6857,ENSG00000130202,"PVRL2,TOMM40,APOE,APOC1",3_prime_UTR_variant,ENSG00000130202,44888380.0,44889220.0
rs6857,ENSG00000130202,,3_prime_UTR_variant,ENSG00000130202,,
rs6857,ENSG00000130202,,3_prime_UTR_variant,ENSG00000130202,44878621.0,44878941.0
rs6857,ENSG00000130202,,3_prime_UTR_variant,ENSG00000130202,44888380.0,44889223.0
rs6857,ENSG00000130202,,3_prime_UTR_variant,ENSG00000130202,44878621.0,44878938.0
rs6857,ENSG00000130202,,3_prime_UTR_variant,ENSG00000130202,44878460.0,44878938.0
rs6857,ENSG00000130202,,3_prime_UTR_variant,ENSG00000130202,44888246.0,44888894.0
rs6857,ENSG00000130202,,3_prime_UTR_variant,ENSG00000130202,44888380.0,44889228.0
rs6857,ENSG00000130202,,3_prime_UTR_variant,ENSG00000130202,44888380.0,44889222.0
rs6857,ENSG00000130202,,3_prime_UTR_variant,ENSG00000130202,44888380.0,44889221.0
rs6857,ENSG00000130202,,3_prime_UTR_variant,ENSG00000130202,44888380.0,44889219.0
rs6857,ENSG00000130202,,3_prime_UTR_variant,ENSG00000130202,44888380.0,44889220.0
rs6857,ENSG00000130202,"TOMM40,APOE",3_prime_UTR_variant,ENSG00000130202,,
rs6857,ENSG00000130202,"TOMM40,APOE",3_prime_UTR_variant,ENSG00000130202,44878621.0,44878941.0
rs6857,ENSG00000130202,"TOMM40,APOE",3_prime_UTR_variant,ENSG00000130202,44888380.0,44889223.0
rs6857,ENSG00000130202,"TOMM40,APOE",3_prime_UTR_variant,ENSG00000130202,44878621.0,44878938.0
rs6857,ENSG00000130202,"TOMM40,APOE",3_prime_UTR_variant,ENSG00000130202,44878460.0,44878938.0
rs6857,ENSG00000130202,"TOMM40,APOE",3_prime_UTR_variant,ENSG00000130202,44888246.0,44888894.0
rs6857,ENSG00000130202,"TOMM40,APOE",3_prime_UTR_variant,ENSG00000130202,44888380.0,44889228.0
rs6857,ENSG00000130202,"TOMM40,APOE",3_prime_UTR_variant,ENSG00000130202,44888380.0,44889222.0
rs6857,ENSG00000130202,"TOMM40,APOE",3_prime_UTR_variant,ENSG00000130202,44888380.0,44889221.0
rs6857,ENSG00000130202,"TOMM40,APOE",3_prime_UTR_variant,ENSG00000130202,44888380.0,44889219.0
rs6857,ENSG00000130202,"TOMM40,APOE",3_prime_UTR_variant,ENSG00000130202,44888380.0,44889220.0
rs6857,ENSG00000130202,"TOMM40,APOE,APOC1,SH2B1,APOB48R",3_prime_UTR_variant,ENSG00000130202,,
rs6857,ENSG00000130202,"TOMM40,APOE,APOC1,SH2B1,APOB48R",3_prime_UTR_variant,ENSG00000130202,44878621.0,44878941.0
rs6857,ENSG00000130202,"TOMM40,APOE,APOC1,SH2B1,APOB48R",3_prime_UTR_variant,ENSG00000130202,44888380.0,44889223.0
rs6857,ENSG00000130202,"TOMM40,APOE,APOC1,SH2B1,APOB48R",3_prime_UTR_variant,ENSG00000130202,44878621.0,44878938.0
rs6857,ENSG00000130202,"TOMM40,APOE,APOC1,SH2B1,APOB48R",3_prime_UTR_variant,ENSG00000130202,44878460.0,44878938.0
rs6857,ENSG00000130202,"TOMM40,APOE,APOC1,SH2B1,APOB48R",3_prime_UTR_variant,ENSG00000130202,44888246.0,44888894.0
rs6857,ENSG00000130202,"TOMM40,APOE,APOC1,SH2B1,APOB48R",3_prime_UTR_variant,ENSG00000130202,44888380.0,44889228.0
rs6857,ENSG00000130202,"TOMM40,APOE,APOC1,SH2B1,APOB48R",3_prime_UTR_variant,ENSG00000130202,44888380.0,44889222.0
rs6857,ENSG00000130202,"TOMM40,APOE,APOC1,SH2B1,APOB48R",3_prime_UTR_variant,ENSG00000130202,44888380.0,44889221.0
rs6857,ENSG00000130202,"TOMM40,APOE,APOC1,SH2B1,APOB48R",3_prime_UTR_variant,ENSG00000130202,44888380.0,44889219.0
rs6857,ENSG00000130202,"TOMM40,APOE,APOC1,SH2B1,APOB48R",3_prime_UTR_variant,ENSG00000130202,44888380.0,44889220.0
rs6857,ENSG00000130202,"PVRL2,TOMM40",3_prime_UTR_variant,ENSG00000130202,,
rs6857,ENSG00000130202,"PVRL2,TOMM40",3_prime_UTR_variant,ENSG00000130202,44878621.0,44878941.0
rs6857,ENSG00000130202,"PVRL2,TOMM40",3_prime_UTR_variant,ENSG00000130202,44888380.0,44889223.0
rs6857,ENSG00000130202,"PVRL2,TOMM40",3_prime_UTR_variant,ENSG00000130202,44878621.0,44878938.0
rs6857,ENSG00000130202,"PVRL2,TOMM40",3_prime_UTR_variant,ENSG00000130202,44878460.0,44878938.0
rs6857,ENSG00000130202,"PVRL2,TOMM40",3_prime_UTR_variant,ENSG00000130202,44888246.0,44888894.0
rs6857,ENSG00000130202,"PVRL2,TOMM40",3_prime_UTR_variant,ENSG00000130202,44888380.0,44889228.0
rs6857,ENSG00000130202,"PVRL2,TOMM40",3_prime_UTR_variant,ENSG00000130202,44888380.0,44889222.0
rs6857,ENSG00000130202,"PVRL2,TOMM40",3_prime_UTR_variant,ENSG00000130202,44888380.0,44889221.0
rs6857,ENSG00000130202,"PVRL2,TOMM40",3_prime_UTR_variant,ENSG00000130202,44888380.0,44889219.0
rs6857,ENSG00000130202,"PVRL2,TOMM40",3_prime_UTR_variant,ENSG00000130202,44888380.0,44889220.0
rs74846209,ENSG00000104866,,3_prime_UTR_variant,ENSG00000104866,,
rs74846209,ENSG00000104866,,3_prime_UTR_variant,ENSG00000104866,45146473.0,45146480.0
rs74846209,ENSG00000104866,,3_prime_UTR_variant,ENSG00000104866,45146571.0,45147285.0
rs74846209,ENSG00000104866,,3_prime_UTR_variant,ENSG00000104866,45146571.0,45147280.0
rs74846209,ENSG00000104866,,3_prime_UTR_variant,ENSG00000104866,45146571.0,45147290.0
rs74846209,ENSG00000104866,,3_prime_UTR_variant,ENSG00000104866,45146473.0,45147284.0
rs74846209,ENSG00000104866,,3_prime_UTR_variant,ENSG00000104866,45146473.0,45147270.0
rs74846209,ENSG00000104866,PPP1R37,3_prime_UTR_variant,ENSG00000104866,,
rs74846209,ENSG00000104866,PPP1R37,3_prime_UTR_variant,ENSG00000104866,45146473.0,45146480.0
rs74846209,ENSG00000104866,PPP1R37,3_prime_UTR_variant,ENSG00000104866,45146571.0,45147285.0
rs74846209,ENSG00000104866,PPP1R37,3_prime_UTR_variant,ENSG00000104866,45146571.0,45147280.0
rs74846209,ENSG00000104866,PPP1R37,3_prime_UTR_variant,ENSG00000104866,45146571.0,45147290.0
rs74846209,ENSG00000104866,PPP1R37,3_prime_UTR_variant,ENSG00000104866,45146473.0,45147284.0
rs74846209,ENSG00000104866,PPP1R37,3_prime_UTR_variant,ENSG00000104866,45146473.0,45147270.0
rs139643391,ENSG00000138442,,3_prime_UTR_variant,ENSG00000138442,,
rs139643391,ENSG00000138442,,3_prime_UTR_variant,ENSG00000138442,202874261.0,202880859.0
rs139643391,ENSG00000138442,,3_prime_UTR_variant,ENSG00000138442,202880607.0,202880859.0
rs139643391,ENSG00000138442,,3_prime_UTR_variant,ENSG00000138442,202880604.0,202880859.0
rs139643391,ENSG00000138442,,3_prime_UTR_variant,ENSG00000138442,202880602.0,202880859.0
rs139643391,ENSG00000138442,,3_prime_UTR_variant,ENSG00000138442,202880628.0,202880859.0
rs62364788,ENSG00000049883,,3_prime_UTR_variant,ENSG00000049883,,
rs62364788,ENSG00000049883,,3_prime_UTR_variant,ENSG00000049883,72358428.0,72359352.0
rs62364788,ENSG00000049883,,3_prime_UTR_variant,ENSG00000049883,72335812.0,72335885.0
rs62364788,ENSG00000049883,,3_prime_UTR_variant,ENSG00000049883,72338622.0,72338735.0
rs62364788,ENSG00000049883,,3_prime_UTR_variant,ENSG00000049883,72342962.0,72343036.0
rs62364788,ENSG00000049883,,3_prime_UTR_variant,ENSG00000049883,72352641.0,72352757.0
rs62364788,ENSG00000049883,,3_prime_UTR_variant,ENSG00000049883,72331320.0,72331375.0
rs62364788,ENSG00000049883,,3_prime_UTR_variant,ENSG00000049883,72335018.0,72335096.0
rs62364788,ENSG00000049883,,3_prime_UTR_variant,ENSG00000049883,72335794.0,72335885.0
rs62364788,ENSG00000049883,,3_prime_UTR_variant,ENSG00000049883,72338622.0,72338671.0
rs62364788,ENSG00000049883,,3_prime_UTR_variant,ENSG00000049883,72322172.0,72322264.0
rs62364788,ENSG00000049883,,3_prime_UTR_variant,ENSG00000049883,72326612.0,72326741.0
rs62364788,ENSG00000049883,,3_prime_UTR_variant,ENSG00000049883,72331258.0,72331375.0
rs62364788,ENSG00000049883,,3_prime_UTR_variant,ENSG00000049883,72320608.0,72321179.0
rs62364788,ENSG00000049883,,3_prime_UTR_variant,ENSG00000049883,72352641.0,72352754.0
rs62364788,ENSG00000049883,,3_prime_UTR_variant,ENSG00000049883,72358203.0,72359228.0
rs62364788,ENSG00000049883,,3_prime_UTR_variant,ENSG00000049883,72358428.0,72358823.0
rs62364788,ENSG00000049883,,3_prime_UTR_variant,ENSG00000049883,72359604.0,72360225.0
rs62364788,ENSG00000049883,,3_prime_UTR_variant,ENSG00000049883,72358428.0,72368395.0
rs62364788,ENSG00000049883,,3_prime_UTR_variant,ENSG00000049883,72358428.0,72359233.0
rs62364788,ENSG00000049883,,3_prime_UTR_variant,ENSG00000049883,72338627.0,72338735.0
rs62364788,ENSG00000049883,,3_prime_UTR_variant,ENSG00000049883,72358203.0,72358912.0
rs62364788,ENSG00000049883,,3_prime_UTR_variant,ENSG00000049883,72358428.0,72360435.0
rs62364788,ENSG00000049883,,3_prime_UTR_variant,ENSG00000049883,72358428.0,72359229.0
rs1065712,ENSG00000164733,,3_prime_UTR_variant,ENSG00000164733,,
rs1065712,ENSG00000164733,,3_prime_UTR_variant,ENSG00000164733,11849998.0,11850017.0
rs1065712,ENSG00000164733,,3_prime_UTR_variant,ENSG00000164733,11849046.0,11849164.0
rs1065712,ENSG00000164733,,3_prime_UTR_variant,ENSG00000164733,11848067.0,11848152.0
rs1065712,ENSG00000164733,,3_prime_UTR_variant,ENSG00000164733,11847679.0,11847822.0
rs1065712,ENSG00000164733,,3_prime_UTR_variant,ENSG00000164733,11847052.0,11847168.0
rs1065712,ENSG00000164733,,3_prime_UTR_variant,ENSG00000164733,11845661.0,11845789.0
rs1065712,ENSG00000164733,,3_prime_UTR_variant,ENSG00000164733,11842524.0,11845222.0
rs1065712,ENSG00000164733,,3_prime_UTR_variant,ENSG00000164733,11842524.0,11845124.0
rs1065712,ENSG00000164733,,3_prime_UTR_variant,ENSG00000164733,11842560.0,11845124.0
rs1065712,ENSG00000164733,,3_prime_UTR_variant,ENSG00000164733,11842831.0,11845124.0
rs1065712,ENSG00000164733,,3_prime_UTR_variant,ENSG00000164733,11842997.0,11845124.0
rs1065712,ENSG00000164733,,3_prime_UTR_variant,ENSG00000164733,11845082.0,11845124.0
rs1065712,ENSG00000164733,,3_prime_UTR_variant,ENSG00000164733,11843010.0,11844241.0
rs1065712,ENSG00000164733,,3_prime_UTR_variant,ENSG00000164733,11843027.0,11845124.0
rs1065712,ENSG00000164733,,3_prime_UTR_variant,ENSG00000164733,11843034.0,11845124.0
rs1065712,ENSG00000164733,,3_prime_UTR_variant,ENSG00000164733,11843134.0,11844188.0
rs1065712,ENSG00000164733,,3_prime_UTR_variant,ENSG00000164733,11843140.0,11844241.0
rs1065712,ENSG00000164733,,3_prime_UTR_variant,ENSG00000164733,11843159.0,11845124.0
rs1065712,ENSG00000164733,,3_prime_UTR_variant,ENSG00000164733,11843182.0,11845124.0
rs1065712,ENSG00000164733,,3_prime_UTR_variant,ENSG00000164733,11843212.0,11845124.0
rs1065712,ENSG00000164733,,3_prime_UTR_variant,ENSG00000164733,11843220.0,11845124.0
rs1065712,ENSG00000164733,,3_prime_UTR_variant,ENSG00000164733,11843244.0,11845124.0
rs1065712,ENSG00000164733,,3_prime_UTR_variant,ENSG00000164733,11843931.0,11845124.0
rs1065712,ENSG00000164733,,3_prime_UTR_variant,ENSG00000164733,11844008.0,11845124.0
rs1065712,ENSG00000164733,,3_prime_UTR_variant,ENSG00000164733,11844104.0,11845124.0
rs1065712,ENSG00000164733,,3_prime_UTR_variant,ENSG00000164733,11844313.0,11845124.0
rs1065712,ENSG00000164733,,3_prime_UTR_variant,ENSG00000164733,11844318.0,11845625.0
rs1065712,ENSG00000164733,,3_prime_UTR_variant,ENSG00000164733,11844319.0,11845124.0
rs1065712,ENSG00000164733,,3_prime_UTR_variant,ENSG00000164733,11848067.0,11848146.0
rs1065712,ENSG00000164733,,3_prime_UTR_variant,ENSG00000164733,11844324.0,11845222.0
rs1065712,ENSG00000164733,,3_prime_UTR_variant,ENSG00000164733,11844324.0,11845124.0
rs1065712,ENSG00000164733,,3_prime_UTR_variant,ENSG00000164733,11844327.0,11845124.0
rs1065712,ENSG00000164733,,3_prime_UTR_variant,ENSG00000164733,11845661.0,11845759.0
rs1065712,ENSG00000164733,,3_prime_UTR_variant,ENSG00000164733,11844329.0,11845222.0
rs1065712,ENSG00000164733,,3_prime_UTR_variant,ENSG00000164733,11844332.0,11845124.0
rs1065712,ENSG00000164733,,3_prime_UTR_variant,ENSG00000164733,11844336.0,11845124.0
rs1065712,ENSG00000164733,,3_prime_UTR_variant,ENSG00000164733,11849046.0,11849135.0
rs1065712,ENSG00000164733,,3_prime_UTR_variant,ENSG00000164733,11844336.0,11845222.0
rs1065712,ENSG00000164733,,3_prime_UTR_variant,ENSG00000164733,11844340.0,11845124.0
rs1065712,ENSG00000164733,,3_prime_UTR_variant,ENSG00000164733,11844341.0,11845124.0
rs1065712,ENSG00000164733,,3_prime_UTR_variant,ENSG00000164733,11844342.0,11845124.0
rs1065712,ENSG00000164733,,3_prime_UTR_variant,ENSG00000164733,11845661.0,11845674.0
rs1065712,ENSG00000164733,,3_prime_UTR_variant,ENSG00000164733,11844342.0,11845222.0
rs1065712,ENSG00000164733,,3_prime_UTR_variant,ENSG00000164733,11844343.0,11845124.0
rs1065712,ENSG00000164733,,3_prime_UTR_variant,ENSG00000164733,11844352.0,11845124.0
rs1065712,ENSG00000164733,,3_prime_UTR_variant,ENSG00000164733,11844362.0,11845124.0
rs1065712,ENSG00000164733,,3_prime_UTR_variant,ENSG00000164733,11844372.0,11845124.0
rs1065712,ENSG00000164733,,3_prime_UTR_variant,ENSG00000164733,11844386.0,11845124.0
rs1065712,ENSG00000164733,,3_prime_UTR_variant,ENSG00000164733,11844529.0,11845124.0
rs1065712,ENSG00000164733,,3_prime_UTR_variant,ENSG00000164733,11844628.0,11845124.0
rs1065712,ENSG00000164733,,3_prime_UTR_variant,ENSG00000164733,11842960.0,11845124.0
rs1065712,ENSG00000164733,,3_prime_UTR_variant,ENSG00000164733,11844315.0,11845124.0
rs1065712,ENSG00000164733,,3_prime_UTR_variant,ENSG00000164733,11844072.0,11845124.0
rs1065712,ENSG00000164733,,3_prime_UTR_variant,ENSG00000164733,11844312.0,11845124.0
rs1065712,ENSG00000164733,,3_prime_UTR_variant,ENSG00000164733,11844314.0,11845124.0
rs1065712,ENSG00000164733,,3_prime_UTR_variant,ENSG00000164733,11844318.0,11845124.0
rs1065712,ENSG00000164733,,3_prime_UTR_variant,ENSG00000164733,11844320.0,11845124.0
rs1065712,ENSG00000164733,,3_prime_UTR_variant,ENSG00000164733,11844321.0,11845124.0
rs1065712,ENSG00000164733,,3_prime_UTR_variant,ENSG00000164733,11844322.0,11845124.0
rs1065712,ENSG00000164733,,3_prime_UTR_variant,ENSG00000164733,11844326.0,11845124.0
rs1065712,ENSG00000164733,,3_prime_UTR_variant,ENSG00000164733,11844054.0,11845124.0
rs1065712,ENSG00000164733,,3_prime_UTR_variant,ENSG00000164733,11844041.0,11845124.0
rs1065712,ENSG00000164733,,3_prime_UTR_variant,ENSG00000164733,11842529.0,11845124.0
rs1065712,ENSG00000164733,,3_prime_UTR_variant,ENSG00000164733,11844316.0,11845124.0
rs1065712,ENSG00000164733,,3_prime_UTR_variant,ENSG00000164733,11844050.0,11845124.0
rs1065712,ENSG00000164733,,3_prime_UTR_variant,ENSG00000164733,11844325.0,11845124.0
rs1065712,ENSG00000164733,,3_prime_UTR_variant,ENSG00000164733,11844317.0,11845124.0
rs1065712,ENSG00000164733,,3_prime_UTR_variant,ENSG00000164733,11844328.0,11845124.0
rs1065712,ENSG00000164733,,3_prime_UTR_variant,ENSG00000164733,11844426.0,11845124.0
rs1065712,ENSG00000164733,,3_prime_UTR_variant,ENSG00000164733,11844135.0,11845124.0
rs1065712,ENSG00000164733,,3_prime_UTR_variant,ENSG00000164733,11844150.0,11845124.0
rs1065712,ENSG00000164733,,3_prime_UTR_variant,ENSG00000164733,11844749.0,11845124.0
rs1065712,ENSG00000164733,,3_prime_UTR_variant,ENSG00000164733,11844348.0,11845124.0
rs1065712,ENSG00000164733,,3_prime_UTR_variant,ENSG00000164733,11844753.0,11845124.0
rs1065712,ENSG00000164733,,3_prime_UTR_variant,ENSG00000164733,11844750.0,11845124.0
rs367670643,ENSG00000214787,,3_prime_UTR_variant,ENSG00000214787,,
rs367670643,ENSG00000214787,,3_prime_UTR_variant,ENSG00000214787,60200270.0,60201542.0
rs367670643,ENSG00000214787,,3_prime_UTR_variant,ENSG00000214787,60224965.0,60225058.0
rs367670643,ENSG00000214787,,3_prime_UTR_variant,ENSG00000214787,60214571.0,60214614.0
rs367670643,ENSG00000214787,,3_prime_UTR_variant,ENSG00000214787,60201253.0,60201879.0
rs367670643,ENSG00000214787,,3_prime_UTR_variant,ENSG00000214787,60213089.0,60213132.0
rs367670643,ENSG00000214787,,3_prime_UTR_variant,ENSG00000214787,60213215.0,60213332.0
rs367670643,ENSG00000214787,,3_prime_UTR_variant,ENSG00000214787,60213215.0,60213250.0
rs6576,ENSG00000183955,,3_prime_UTR_variant,ENSG00000183955,,
rs6576,ENSG00000183955,,3_prime_UTR_variant,ENSG00000183955,123407704.0,123409353.0
rs6576,ENSG00000183955,,3_prime_UTR_variant,ENSG00000183955,123395156.0,123395266.0
rs6576,ENSG00000183955,,3_prime_UTR_variant,ENSG00000183955,123396345.0,123396432.0
rs6576,ENSG00000183955,,3_prime_UTR_variant,ENSG00000183955,123403573.0,123403632.0
rs6576,ENSG00000183955,,3_prime_UTR_variant,ENSG00000183955,123404884.0,123405074.0
rs6576,ENSG00000183955,,3_prime_UTR_variant,ENSG00000183955,123407493.0,123408507.0
rs1969355,ENSG00000130921,Intergenic,3_prime_UTR_variant,ENSG00000130921,,
rs1969355,ENSG00000130921,Intergenic,3_prime_UTR_variant,ENSG00000130921,123254035.0,123255033.0
rs1969355,ENSG00000130921,Intergenic,3_prime_UTR_variant,ENSG00000130921,123256813.0,123257926.0
rs1969355,ENSG00000130921,Intergenic,3_prime_UTR_variant,ENSG00000130921,123254035.0,123254199.0
rs1969355,ENSG00000130921,Intergenic,3_prime_UTR_variant,ENSG00000130921,123256813.0,123257797.0
rs1969355,ENSG00000130921,Intergenic,3_prime_UTR_variant,ENSG00000130921,123254035.0,123254704.0
rs1969355,ENSG00000130921,Intergenic,3_prime_UTR_variant,ENSG00000130921,123256813.0,123257892.0
rs1969355,ENSG00000130921,Intergenic,3_prime_UTR_variant,ENSG00000130921,123257032.0,123257960.0
rs1969355,ENSG00000130921,Intergenic,3_prime_UTR_variant,ENSG00000130921,123257032.0,123258079.0
rs1969355,ENSG00000130921,Intergenic,3_prime_UTR_variant,ENSG00000130921,123254035.0,123256585.0
rs1969355,ENSG00000130921,Intergenic,3_prime_UTR_variant,ENSG00000130921,123257032.0,123257929.0
rs1969355,ENSG00000130921,Intergenic,3_prime_UTR_variant,ENSG00000130921,123257032.0,123257571.0
rs1969355,ENSG00000130921,Intergenic,3_prime_UTR_variant,ENSG00000130921,123257032.0,123257959.0
rs1969355,ENSG00000130921,Intergenic,3_prime_UTR_variant,ENSG00000130921,123257032.0,123257956.0
rs1969355,ENSG00000130921,Intergenic,3_prime_UTR_variant,ENSG00000130921,123257032.0,123257931.0
rs1969355,ENSG00000130921,Intergenic,3_prime_UTR_variant,ENSG00000130921,123257032.0,123257352.0
rs1969355,ENSG00000130921,Intergenic,3_prime_UTR_variant,ENSG00000130921,123257032.0,123257930.0
rs1969355,ENSG00000130921,MTRFR,3_prime_UTR_variant,ENSG00000130921,,
rs1969355,ENSG00000130921,MTRFR,3_prime_UTR_variant,ENSG00000130921,123254035.0,123255033.0
rs1969355,ENSG00000130921,MTRFR,3_prime_UTR_variant,ENSG00000130921,123256813.0,123257926.0
rs1969355,ENSG00000130921,MTRFR,3_prime_UTR_variant,ENSG00000130921,123254035.0,123254199.0
rs1969355,ENSG00000130921,MTRFR,3_prime_UTR_variant,ENSG00000130921,123256813.0,123257797.0
rs1969355,ENSG00000130921,MTRFR,3_prime_UTR_variant,ENSG00000130921,123254035.0,123254704.0
rs1969355,ENSG00000130921,MTRFR,3_prime_UTR_variant,ENSG00000130921,123256813.0,123257892.0
rs1969355,ENSG00000130921,MTRFR,3_prime_UTR_variant,ENSG00000130921,123257032.0,123257960.0
rs1969355,ENSG00000130921,MTRFR,3_prime_UTR_variant,ENSG00000130921,123257032.0,123258079.0
rs1969355,ENSG00000130921,MTRFR,3_prime_UTR_variant,ENSG00000130921,123254035.0,123256585.0
rs1969355,ENSG00000130921,MTRFR,3_prime_UTR_variant,ENSG00000130921,123257032.0,123257929.0
rs1969355,ENSG00000130921,MTRFR,3_prime_UTR_variant,ENSG00000130921,123257032.0,123257571.0
rs1969355,ENSG00000130921,MTRFR,3_prime_UTR_variant,ENSG00000130921,123257032.0,123257959.0
rs1969355,ENSG00000130921,MTRFR,3_prime_UTR_variant,ENSG00000130921,123257032.0,123257956.0
rs1969355,ENSG00000130921,MTRFR,3_prime_UTR_variant,ENSG00000130921,123257032.0,123257931.0
rs1969355,ENSG00000130921,MTRFR,3_prime_UTR_variant,ENSG00000130921,123257032.0,123257352.0
rs1969355,ENSG00000130921,MTRFR,3_prime_UTR_variant,ENSG00000130921,123257032.0,123257930.0
rs1969355,ENSG00000130921,,3_prime_UTR_variant,ENSG00000130921,,
rs1969355,ENSG00000130921,,3_prime_UTR_variant,ENSG00000130921,123254035.0,123255033.0
rs1969355,ENSG00000130921,,3_prime_UTR_variant,ENSG00000130921,123256813.0,123257926.0
rs1969355,ENSG00000130921,,3_prime_UTR_variant,ENSG00000130921,123254035.0,123254199.0
rs1969355,ENSG00000130921,,3_prime_UTR_variant,ENSG00000130921,123256813.0,123257797.0
rs1969355,ENSG00000130921,,3_prime_UTR_variant,ENSG00000130921,123254035.0,123254704.0
rs1969355,ENSG00000130921,,3_prime_UTR_variant,ENSG00000130921,123256813.0,123257892.0
rs1969355,ENSG00000130921,,3_prime_UTR_variant,ENSG00000130921,123257032.0,123257960.0
rs1969355,ENSG00000130921,,3_prime_UTR_variant,ENSG00000130921,123257032.0,123258079.0
rs1969355,ENSG00000130921,,3_prime_UTR_variant,ENSG00000130921,123254035.0,123256585.0
rs1969355,ENSG00000130921,,3_prime_UTR_variant,ENSG00000130921,123257032.0,123257929.0
rs1969355,ENSG00000130921,,3_prime_UTR_variant,ENSG00000130921,123257032.0,123257571.0
rs1969355,ENSG00000130921,,3_prime_UTR_variant,ENSG00000130921,123257032.0,123257959.0
rs1969355,ENSG00000130921,,3_prime_UTR_variant,ENSG00000130921,123257032.0,123257956.0
rs1969355,ENSG00000130921,,3_prime_UTR_variant,ENSG00000130921,123257032.0,123257931.0
rs1969355,ENSG00000130921,,3_prime_UTR_variant,ENSG00000130921,123257032.0,123257352.0
rs1969355,ENSG00000130921,,3_prime_UTR_variant,ENSG00000130921,123257032.0,123257930.0
rs1969355,ENSG00000130921,"C12orf65,RP11-282O18.3",3_prime_UTR_variant,ENSG00000130921,,
rs1969355,ENSG00000130921,"C12orf65,RP11-282O18.3",3_prime_UTR_variant,ENSG00000130921,123254035.0,123255033.0
rs1969355,ENSG00000130921,"C12orf65,RP11-282O18.3",3_prime_UTR_variant,ENSG00000130921,123256813.0,123257926.0
rs1969355,ENSG00000130921,"C12orf65,RP11-282O18.3",3_prime_UTR_variant,ENSG00000130921,123254035.0,123254199.0
rs1969355,ENSG00000130921,"C12orf65,RP11-282O18.3",3_prime_UTR_variant,ENSG00000130921,123256813.0,123257797.0
rs1969355,ENSG00000130921,"C12orf65,RP11-282O18.3",3_prime_UTR_variant,ENSG00000130921,123254035.0,123254704.0
rs1969355,ENSG00000130921,"C12orf65,RP11-282O18.3",3_prime_UTR_variant,ENSG00000130921,123256813.0,123257892.0
rs1969355,ENSG00000130921,"C12orf65,RP11-282O18.3",3_prime_UTR_variant,ENSG00000130921,123257032.0,123257960.0
rs1969355,ENSG00000130921,"C12orf65,RP11-282O18.3",3_prime_UTR_variant,ENSG00000130921,123257032.0,123258079.0
rs1969355,ENSG00000130921,"C12orf65,RP11-282O18.3",3_prime_UTR_variant,ENSG00000130921,123254035.0,123256585.0
rs1969355,ENSG00000130921,"C12orf65,RP11-282O18.3",3_prime_UTR_variant,ENSG00000130921,123257032.0,123257929.0
rs1969355,ENSG00000130921,"C12orf65,RP11-282O18.3",3_prime_UTR_variant,ENSG00000130921,123257032.0,123257571.0
rs1969355,ENSG00000130921,"C12orf65,RP11-282O18.3",3_prime_UTR_variant,ENSG00000130921,123257032.0,123257959.0
rs1969355,ENSG00000130921,"C12orf65,RP11-282O18.3",3_prime_UTR_variant,ENSG00000130921,123257032.0,123257956.0
rs1969355,ENSG00000130921,"C12orf65,RP11-282O18.3",3_prime_UTR_variant,ENSG00000130921,123257032.0,123257931.0
rs1969355,ENSG00000130921,"C12orf65,RP11-282O18.3",3_prime_UTR_variant,ENSG00000130921,123257032.0,123257352.0
rs1969355,ENSG00000130921,"C12orf65,RP11-282O18.3",3_prime_UTR_variant,ENSG00000130921,123257032.0,123257930.0
rs9556958,ENSG00000102572,,3_prime_UTR_variant,ENSG00000102572,,
rs9556958,ENSG00000102572,,3_prime_UTR_variant,ENSG00000102572,98445185.0,98453172.0
rs9556958,ENSG00000102572,,3_prime_UTR_variant,ENSG00000102572,98450201.0,98453172.0
rs9556958,ENSG00000102572,,3_prime_UTR_variant,ENSG00000102572,98452159.0,98453172.0
rs9556958,ENSG00000102572,,3_prime_UTR_variant,ENSG00000102572,98455421.0,98457163.0
rs9556958,ENSG00000102572,,3_prime_UTR_variant,ENSG00000102572,98455982.0,98456463.0
rs9556958,ENSG00000102572,,3_prime_UTR_variant,ENSG00000102572,98450199.0,98453172.0
rs9556958,ENSG00000102572,,3_prime_UTR_variant,ENSG00000102572,98452813.0,98453172.0
rs9556958,ENSG00000102572,,3_prime_UTR_variant,ENSG00000102572,98452161.0,98453172.0
rs9556958,ENSG00000102572,FARP1,3_prime_UTR_variant,ENSG00000102572,,
rs9556958,ENSG00000102572,FARP1,3_prime_UTR_variant,ENSG00000102572,98445185.0,98453172.0
rs9556958,ENSG00000102572,FARP1,3_prime_UTR_variant,ENSG00000102572,98450201.0,98453172.0
rs9556958,ENSG00000102572,FARP1,3_prime_UTR_variant,ENSG00000102572,98452159.0,98453172.0
rs9556958,ENSG00000102572,FARP1,3_prime_UTR_variant,ENSG00000102572,98455421.0,98457163.0
rs9556958,ENSG00000102572,FARP1,3_prime_UTR_variant,ENSG00000102572,98455982.0,98456463.0
rs9556958,ENSG00000102572,FARP1,3_prime_UTR_variant,ENSG00000102572,98450199.0,98453172.0
rs9556958,ENSG00000102572,FARP1,3_prime_UTR_variant,ENSG00000102572,98452813.0,98453172.0
rs9556958,ENSG00000102572,FARP1,3_prime_UTR_variant,ENSG00000102572,98452161.0,98453172.0
rs9556958,ENSG00000102572,Intergenic,3_prime_UTR_variant,ENSG00000102572,,
rs9556958,ENSG00000102572,Intergenic,3_prime_UTR_variant,ENSG00000102572,98445185.0,98453172.0
rs9556958,ENSG00000102572,Intergenic,3_prime_UTR_variant,ENSG00000102572,98450201.0,98453172.0
rs9556958,ENSG00000102572,Intergenic,3_prime_UTR_variant,ENSG00000102572,98452159.0,98453172.0
rs9556958,ENSG00000102572,Intergenic,3_prime_UTR_variant,ENSG00000102572,98455421.0,98457163.0
rs9556958,ENSG00000102572,Intergenic,3_prime_UTR_variant,ENSG00000102572,98455982.0,98456463.0
rs9556958,ENSG00000102572,Intergenic,3_prime_UTR_variant,ENSG00000102572,98450199.0,98453172.0
rs9556958,ENSG00000102572,Intergenic,3_prime_UTR_variant,ENSG00000102572,98452813.0,98453172.0
rs9556958,ENSG00000102572,Intergenic,3_prime_UTR_variant,ENSG00000102572,98452161.0,98453172.0
rs9556958,ENSG00000102572,STK24,3_prime_UTR_variant,ENSG00000102572,,
rs9556958,ENSG00000102572,STK24,3_prime_UTR_variant,ENSG00000102572,98445185.0,98453172.0
rs9556958,ENSG00000102572,STK24,3_prime_UTR_variant,ENSG00000102572,98450201.0,98453172.0
rs9556958,ENSG00000102572,STK24,3_prime_UTR_variant,ENSG00000102572,98452159.0,98453172.0
rs9556958,ENSG00000102572,STK24,3_prime_UTR_variant,ENSG00000102572,98455421.0,98457163.0
rs9556958,ENSG00000102572,STK24,3_prime_UTR_variant,ENSG00000102572,98455982.0,98456463.0
rs9556958,ENSG00000102572,STK24,3_prime_UTR_variant,ENSG00000102572,98450199.0,98453172.0
rs9556958,ENSG00000102572,STK24,3_prime_UTR_variant,ENSG00000102572,98452813.0,98453172.0
rs9556958,ENSG00000102572,STK24,3_prime_UTR_variant,ENSG00000102572,98452161.0,98453172.0
rs373046986,ENSG00000198252,,3_prime_UTR_variant,ENSG00000198252,,
rs373046986,ENSG00000198252,,3_prime_UTR_variant,ENSG00000198252,52771107.0,52774941.0
rs373046986,ENSG00000198252,,3_prime_UTR_variant,ENSG00000198252,52771107.0,52774989.0
rs373046986,ENSG00000198252,,3_prime_UTR_variant,ENSG00000198252,52771107.0,52774944.0
rs373046986,ENSG00000198252,,3_prime_UTR_variant,ENSG00000198252,52771107.0,52773926.0
rs373046986,ENSG00000198252,,3_prime_UTR_variant,ENSG00000198252,52771107.0,52772034.0
rs373046986,ENSG00000198252,,3_prime_UTR_variant,ENSG00000198252,52771107.0,52771302.0
rs373046986,ENSG00000198252,,3_prime_UTR_variant,ENSG00000198252,52771107.0,52774946.0
rs373046986,ENSG00000198252,,3_prime_UTR_variant,ENSG00000198252,52771107.0,52773920.0
rs5848,ENSG00000030582,GRN,3_prime_UTR_variant,ENSG00000030582,,
rs5848,ENSG00000030582,GRN,3_prime_UTR_variant,ENSG00000030582,44352799.0,44353106.0
rs5848,ENSG00000030582,GRN,3_prime_UTR_variant,ENSG00000030582,44352799.0,44353082.0
rs5848,ENSG00000030582,GRN,3_prime_UTR_variant,ENSG00000030582,44350570.0,44350577.0
rs5848,ENSG00000030582,GRN,3_prime_UTR_variant,ENSG00000030582,44350691.0,44350800.0
rs5848,ENSG00000030582,GRN,3_prime_UTR_variant,ENSG00000030582,44351037.0,44351163.0
rs5848,ENSG00000030582,GRN,3_prime_UTR_variant,ENSG00000030582,44352653.0,44353043.0
rs5848,ENSG00000030582,GRN,3_prime_UTR_variant,ENSG00000030582,44352770.0,44353102.0
rs5848,ENSG00000030582,GRN,3_prime_UTR_variant,ENSG00000030582,44352799.0,44353104.0
rs5848,ENSG00000030582,GRN,3_prime_UTR_variant,ENSG00000030582,44352799.0,44353102.0
rs5848,ENSG00000030582,GRN,3_prime_UTR_variant,ENSG00000030582,44352799.0,44353103.0
rs5848,ENSG00000030582,GRN,3_prime_UTR_variant,ENSG00000030582,44352799.0,44353100.0
rs5848,ENSG00000030582,GRN,3_prime_UTR_variant,ENSG00000030582,44352799.0,44353101.0
rs5848,ENSG00000030582,GRN,3_prime_UTR_variant,ENSG00000030582,44352799.0,44353091.0
rs5848,ENSG00000030582,FAM171A2,3_prime_UTR_variant,ENSG00000030582,,
rs5848,ENSG00000030582,FAM171A2,3_prime_UTR_variant,ENSG00000030582,44352799.0,44353106.0
rs5848,ENSG00000030582,FAM171A2,3_prime_UTR_variant,ENSG00000030582,44352799.0,44353082.0
rs5848,ENSG00000030582,FAM171A2,3_prime_UTR_variant,ENSG00000030582,44350570.0,44350577.0
rs5848,ENSG00000030582,FAM171A2,3_prime_UTR_variant,ENSG00000030582,44350691.0,44350800.0
rs5848,ENSG00000030582,FAM171A2,3_prime_UTR_variant,ENSG00000030582,44351037.0,44351163.0
rs5848,ENSG00000030582,FAM171A2,3_prime_UTR_variant,ENSG00000030582,44352653.0,44353043.0
rs5848,ENSG00000030582,FAM171A2,3_prime_UTR_variant,ENSG00000030582,44352770.0,44353102.0
rs5848,ENSG00000030582,FAM171A2,3_prime_UTR_variant,ENSG00000030582,44352799.0,44353104.0
rs5848,ENSG00000030582,FAM171A2,3_prime_UTR_variant,ENSG00000030582,44352799.0,44353102.0
rs5848,ENSG00000030582,FAM171A2,3_prime_UTR_variant,ENSG00000030582,44352799.0,44353103.0
rs5848,ENSG00000030582,FAM171A2,3_prime_UTR_variant,ENSG00000030582,44352799.0,44353100.0
rs5848,ENSG00000030582,FAM171A2,3_prime_UTR_variant,ENSG00000030582,44352799.0,44353101.0
rs5848,ENSG00000030582,FAM171A2,3_prime_UTR_variant,ENSG00000030582,44352799.0,44353091.0
rs5848,ENSG00000030582,,3_prime_UTR_variant,ENSG00000030582,,
rs5848,ENSG00000030582,,3_prime_UTR_variant,ENSG00000030582,44352799.0,44353106.0
rs5848,ENSG00000030582,,3_prime_UTR_variant,ENSG00000030582,44352799.0,44353082.0
rs5848,ENSG00000030582,,3_prime_UTR_variant,ENSG00000030582,44350570.0,44350577.0
rs5848,ENSG00000030582,,3_prime_UTR_variant,ENSG00000030582,44350691.0,44350800.0
rs5848,ENSG00000030582,,3_prime_UTR_variant,ENSG00000030582,44351037.0,44351163.0
rs5848,ENSG00000030582,,3_prime_UTR_variant,ENSG00000030582,44352653.0,44353043.0
rs5848,ENSG00000030582,,3_prime_UTR_variant,ENSG00000030582,44352770.0,44353102.0
rs5848,ENSG00000030582,,3_prime_UTR_variant,ENSG00000030582,44352799.0,44353104.0
rs5848,ENSG00000030582,,3_prime_UTR_variant,ENSG00000030582,44352799.0,44353102.0
rs5848,ENSG00000030582,,3_prime_UTR_variant,ENSG00000030582,44352799.0,44353103.0
rs5848,ENSG00000030582,,3_prime_UTR_variant,ENSG00000030582,44352799.0,44353100.0
rs5848,ENSG00000030582,,3_prime_UTR_variant,ENSG00000030582,44352799.0,44353101.0
rs5848,ENSG00000030582,,3_prime_UTR_variant,ENSG00000030582,44352799.0,44353091.0
rs545753812,ENSG00000012061,,3_prime_UTR_variant,ENSG00000012061,,
rs545753812,ENSG00000012061,,3_prime_UTR_variant,ENSG00000012061,45407334.0,45409674.0
rs545753812,ENSG00000012061,,3_prime_UTR_variant,ENSG00000012061,45416821.0,45416833.0
rs545753812,ENSG00000012061,,3_prime_UTR_variant,ENSG00000012061,45414861.0,45414960.0
rs545753812,ENSG00000012061,,3_prime_UTR_variant,ENSG00000012061,45413677.0,45413745.0
rs545753812,ENSG00000012061,,3_prime_UTR_variant,ENSG00000012061,45407358.0,45409725.0
rs545753812,ENSG00000012061,,3_prime_UTR_variant,ENSG00000012061,45409614.0,45409674.0
rs545753812,ENSG00000012061,,3_prime_UTR_variant,ENSG00000012061,45409616.0,45409685.0
rs545753812,ENSG00000012061,,3_prime_UTR_variant,ENSG00000012061,45409619.0,45409685.0
rs545753812,ENSG00000012061,,3_prime_UTR_variant,ENSG00000012061,45409668.0,45409674.0
rs545753812,ENSG00000012061,,3_prime_UTR_variant,ENSG00000012061,45413434.0,45413547.0
rs545753812,ENSG00000012061,,3_prime_UTR_variant,ENSG00000012061,45413436.0,45413547.0
rs545753812,ENSG00000012061,,3_prime_UTR_variant,ENSG00000012061,45413963.0,45414034.0
rs545753812,ENSG00000012061,,3_prime_UTR_variant,ENSG00000012061,45419098.0,45419197.0
rs545753812,ENSG00000012061,,3_prime_UTR_variant,ENSG00000012061,45416821.0,45416897.0
rs545753812,ENSG00000012061,,3_prime_UTR_variant,ENSG00000012061,45409616.0,45409674.0
rs545753812,ENSG00000012061,,3_prime_UTR_variant,ENSG00000012061,45407333.0,45409674.0
rs545753812,ENSG00000012061,,3_prime_UTR_variant,ENSG00000012061,45407339.0,45409674.0
rs545753812,ENSG00000012061,,3_prime_UTR_variant,ENSG00000012061,45408036.0,45409674.0
rs545753812,ENSG00000012061,,3_prime_UTR_variant,ENSG00000012061,45409372.0,45409674.0
rs545753812,ENSG00000012061,,3_prime_UTR_variant,ENSG00000012061,45409606.0,45409674.0
rs545753812,ENSG00000012061,,3_prime_UTR_variant,ENSG00000012061,45409621.0,45409674.0
rs545753812,ENSG00000012061,,3_prime_UTR_variant,ENSG00000012061,45409617.0,45409674.0
rs545753812,ENSG00000012061,,3_prime_UTR_variant,ENSG00000012061,45409620.0,45409674.0
rs545753812,ENSG00000012061,,3_prime_UTR_variant,ENSG00000012061,45409618.0,45409674.0
rs545753812,ENSG00000012061,,3_prime_UTR_variant,ENSG00000012061,45407336.0,45409674.0
rs545753812,ENSG00000012061,,3_prime_UTR_variant,ENSG00000012061,45409623.0,45409674.0
rs545753812,ENSG00000012061,,3_prime_UTR_variant,ENSG00000012061,45409619.0,45409674.0
rs545753812,ENSG00000012061,,3_prime_UTR_variant,ENSG00000012061,45409615.0,45409674.0
rs545753812,ENSG00000012061,,3_prime_UTR_variant,ENSG00000012061,45409626.0,45409674.0
rs545753812,ENSG00000012061,,3_prime_UTR_variant,ENSG00000012061,45409624.0,45409674.0
rs3916898,ENSG00000104884,,3_prime_UTR_variant,ENSG00000104884,,
rs3916898,ENSG00000104884,,3_prime_UTR_variant,ENSG00000104884,45349837.0,45351628.0
rs3916898,ENSG00000104884,,3_prime_UTR_variant,ENSG00000104884,45357474.0,45357543.0
rs3916898,ENSG00000104884,,3_prime_UTR_variant,ENSG00000104884,45357270.0,45357371.0
rs3916898,ENSG00000104884,,3_prime_UTR_variant,ENSG00000104884,45355665.0,45355728.0
rs3916898,ENSG00000104884,,3_prime_UTR_variant,ENSG00000104884,45354730.0,45354851.0
rs3916898,ENSG00000104884,,3_prime_UTR_variant,ENSG00000104884,45353242.0,45353334.0
rs3916898,ENSG00000104884,,3_prime_UTR_variant,ENSG00000104884,45353083.0,45353155.0
rs3916898,ENSG00000104884,,3_prime_UTR_variant,ENSG00000104884,45352746.0,45352816.0
rs3916898,ENSG00000104884,,3_prime_UTR_variant,ENSG00000104884,45352506.0,45352649.0
rs3916898,ENSG00000104884,,3_prime_UTR_variant,ENSG00000104884,45352209.0,45352352.0
rs3916898,ENSG00000104884,,3_prime_UTR_variant,ENSG00000104884,45349847.0,45351721.0
rs3916898,ENSG00000104884,,3_prime_UTR_variant,ENSG00000104884,45364235.0,45364307.0
rs3916898,ENSG00000104884,,3_prime_UTR_variant,ENSG00000104884,45363986.0,45364119.0
rs3916898,ENSG00000104884,,3_prime_UTR_variant,ENSG00000104884,45363743.0,45363911.0
rs3916898,ENSG00000104884,,3_prime_UTR_variant,ENSG00000104884,45361524.0,45361642.0
rs3916898,ENSG00000104884,,3_prime_UTR_variant,ENSG00000104884,45357630.0,45357699.0
rs3916898,ENSG00000104884,,3_prime_UTR_variant,ENSG00000104884,45349847.0,45351628.0
rs3916898,ENSG00000104884,,3_prime_UTR_variant,ENSG00000104884,45357270.0,45357298.0
rs3916898,ENSG00000104884,,3_prime_UTR_variant,ENSG00000104884,45351468.0,45351628.0
rs3916898,ENSG00000104884,,3_prime_UTR_variant,ENSG00000104884,45350413.0,45351030.0
rs3916898,ENSG00000104884,,3_prime_UTR_variant,ENSG00000104884,45351594.0,45351908.0
rs3916898,ENSG00000104884,,3_prime_UTR_variant,ENSG00000104884,45354730.0,45354845.0
rs3916898,ENSG00000104884,,3_prime_UTR_variant,ENSG00000104884,45353150.0,45353155.0
rs3916898,ENSG00000104884,,3_prime_UTR_variant,ENSG00000104884,45358759.0,45358859.0
rs3916898,ENSG00000104884,,3_prime_UTR_variant,ENSG00000104884,45364037.0,45364119.0
rs3916898,ENSG00000104884,,3_prime_UTR_variant,ENSG00000104884,45349777.0,45351628.0
rs3916898,ENSG00000104884,,3_prime_UTR_variant,ENSG00000104884,45349773.0,45351628.0
rs3916898,ENSG00000104884,,3_prime_UTR_variant,ENSG00000104884,45351594.0,45351628.0
rs3916898,ENSG00000104884,,3_prime_UTR_variant,ENSG00000104884,45351588.0,45351628.0
rs3916898,ENSG00000104884,,3_prime_UTR_variant,ENSG00000104884,45349778.0,45351628.0
rs3916898,ENSG00000104884,,3_prime_UTR_variant,ENSG00000104884,45349782.0,45351628.0
rs3916898,ENSG00000104884,,3_prime_UTR_variant,ENSG00000104884,45351597.0,45351628.0
rs149080927,ENSG00000129911,,3_prime_UTR_variant,ENSG00000129911,,
rs149080927,ENSG00000129911,,3_prime_UTR_variant,ENSG00000129911,1854281.0,1854458.0
rs149080927,ENSG00000129911,,3_prime_UTR_variant,ENSG00000129911,1852399.0,1852595.0
rs149080927,ENSG00000129911,,3_prime_UTR_variant,ENSG00000129911,1852399.0,1854458.0
rs149080927,ENSG00000129911,,3_prime_UTR_variant,ENSG00000129911,1852400.0,1852595.0
rs149080927,ENSG00000129911,,3_prime_UTR_variant,ENSG00000129911,1854318.0,1854458.0
rs201269048,ENSG00000104859,APOE,3_prime_UTR_variant,ENSG00000104859,,
rs201269048,ENSG00000104859,APOE,3_prime_UTR_variant,ENSG00000104859,45070846.0,45070956.0
rs201269048,ENSG00000104859,APOE,3_prime_UTR_variant,ENSG00000104859,45070846.0,45070855.0
rs201269048,ENSG00000104859,APOE,3_prime_UTR_variant,ENSG00000104859,45057812.0,45057898.0
rs201269048,ENSG00000104859,APOE,3_prime_UTR_variant,ENSG00000104859,45059268.0,45059364.0
rs201269048,ENSG00000104859,APOE,3_prime_UTR_variant,ENSG00000104859,45060389.0,45060442.0
rs201269048,ENSG00000104859,APOE,3_prime_UTR_variant,ENSG00000104859,45069079.0,45069124.0
rs201269048,ENSG00000104859,APOE,3_prime_UTR_variant,ENSG00000104859,45069202.0,45069248.0
rs201269048,ENSG00000104859,APOE,3_prime_UTR_variant,ENSG00000104859,45070022.0,45070104.0
rs201269048,ENSG00000104859,APOE,3_prime_UTR_variant,ENSG00000104859,45070537.0,45070561.0
rs201269048,ENSG00000104859,APOE,3_prime_UTR_variant,ENSG00000104859,45070803.0,45070956.0
rs201269048,ENSG00000104859,APOE,3_prime_UTR_variant,ENSG00000104859,45070846.0,45070954.0
rs201269048,ENSG00000104859,APOE,3_prime_UTR_variant,ENSG00000104859,45059295.0,45059364.0
rs201269048,ENSG00000104859,APOE,3_prime_UTR_variant,ENSG00000104859,45060389.0,45060467.0
rs201269048,ENSG00000104859,APOE,3_prime_UTR_variant,ENSG00000104859,45060554.0,45060627.0
rs201269048,ENSG00000104859,APOE,3_prime_UTR_variant,ENSG00000104859,45062154.0,45062195.0
rs201269048,ENSG00000104859,APOE,3_prime_UTR_variant,ENSG00000104859,45064012.0,45064046.0
rs201269048,ENSG00000104859,APOE,3_prime_UTR_variant,ENSG00000104859,45070846.0,45070955.0
rs201269048,ENSG00000104859,APOE,3_prime_UTR_variant,ENSG00000104859,45070846.0,45070951.0
rs201269048,ENSG00000104859,APOE,3_prime_UTR_variant,ENSG00000104859,45070846.0,45070953.0
rs201269048,ENSG00000104859,APOE,3_prime_UTR_variant,ENSG00000104859,45070846.0,45070948.0
rs201269048,ENSG00000104859,APOE,3_prime_UTR_variant,ENSG00000104859,45070846.0,45070947.0
rs201269048,ENSG00000104859,,3_prime_UTR_variant,ENSG00000104859,,
rs201269048,ENSG00000104859,,3_prime_UTR_variant,ENSG00000104859,45070846.0,45070956.0
rs201269048,ENSG00000104859,,3_prime_UTR_variant,ENSG00000104859,45070846.0,45070855.0
rs201269048,ENSG00000104859,,3_prime_UTR_variant,ENSG00000104859,45057812.0,45057898.0
rs201269048,ENSG00000104859,,3_prime_UTR_variant,ENSG00000104859,45059268.0,45059364.0
rs201269048,ENSG00000104859,,3_prime_UTR_variant,ENSG00000104859,45060389.0,45060442.0
rs201269048,ENSG00000104859,,3_prime_UTR_variant,ENSG00000104859,45069079.0,45069124.0
rs201269048,ENSG00000104859,,3_prime_UTR_variant,ENSG00000104859,45069202.0,45069248.0
rs201269048,ENSG00000104859,,3_prime_UTR_variant,ENSG00000104859,45070022.0,45070104.0
rs201269048,ENSG00000104859,,3_prime_UTR_variant,ENSG00000104859,45070537.0,45070561.0
rs201269048,ENSG00000104859,,3_prime_UTR_variant,ENSG00000104859,45070803.0,45070956.0
rs201269048,ENSG00000104859,,3_prime_UTR_variant,ENSG00000104859,45070846.0,45070954.0
rs201269048,ENSG00000104859,,3_prime_UTR_variant,ENSG00000104859,45059295.0,45059364.0
rs201269048,ENSG00000104859,,3_prime_UTR_variant,ENSG00000104859,45060389.0,45060467.0
rs201269048,ENSG00000104859,,3_prime_UTR_variant,ENSG00000104859,45060554.0,45060627.0
rs201269048,ENSG00000104859,,3_prime_UTR_variant,ENSG00000104859,45062154.0,45062195.0
rs201269048,ENSG00000104859,,3_prime_UTR_variant,ENSG00000104859,45064012.0,45064046.0
rs201269048,ENSG00000104859,,3_prime_UTR_variant,ENSG00000104859,45070846.0,45070955.0
rs201269048,ENSG00000104859,,3_prime_UTR_variant,ENSG00000104859,45070846.0,45070951.0
rs201269048,ENSG00000104859,,3_prime_UTR_variant,ENSG00000104859,45070846.0,45070953.0
rs201269048,ENSG00000104859,,3_prime_UTR_variant,ENSG00000104859,45070846.0,45070948.0
rs201269048,ENSG00000104859,,3_prime_UTR_variant,ENSG00000104859,45070846.0,45070947.0
rs10422253,ENSG00000125741,OPA3,3_prime_UTR_variant,ENSG00000125741,,
rs10422253,ENSG00000125741,OPA3,3_prime_UTR_variant,ENSG00000125741,45527767.0,45529055.0
rs10422253,ENSG00000125741,OPA3,3_prime_UTR_variant,ENSG00000125741,45546281.0,45553513.0
rs10422253,ENSG00000125741,OPA3,3_prime_UTR_variant,ENSG00000125741,45552884.0,45553513.0
rs10422253,ENSG00000125741,,3_prime_UTR_variant,ENSG00000125741,,
rs10422253,ENSG00000125741,,3_prime_UTR_variant,ENSG00000125741,45527767.0,45529055.0
rs10422253,ENSG00000125741,,3_prime_UTR_variant,ENSG00000125741,45546281.0,45553513.0
rs10422253,ENSG00000125741,,3_prime_UTR_variant,ENSG00000125741,45552884.0,45553513.0
rs6742,ENSG00000125520,SLC2A4RG,3_prime_UTR_variant,ENSG00000125520,,
rs6742,ENSG00000125520,SLC2A4RG,3_prime_UTR_variant,ENSG00000125520,63742991.0,63744050.0
rs6742,ENSG00000125520,SLC2A4RG,3_prime_UTR_variant,ENSG00000125520,63742991.0,63743501.0
rs6742,ENSG00000125520,SLC2A4RG,3_prime_UTR_variant,ENSG00000125520,63742991.0,63743505.0
rs6742,ENSG00000125520,SLC2A4RG,3_prime_UTR_variant,ENSG00000125520,63742991.0,63743502.0
rs6742,ENSG00000125520,SLC2A4RG,3_prime_UTR_variant,ENSG00000125520,63742991.0,63743500.0
rs6742,ENSG00000125520,SLC2A4RG,3_prime_UTR_variant,ENSG00000125520,63742991.0,63743503.0
rs6742,ENSG00000125520,,3_prime_UTR_variant,ENSG00000125520,,
rs6742,ENSG00000125520,,3_prime_UTR_variant,ENSG00000125520,63742991.0,63744050.0
rs6742,ENSG00000125520,,3_prime_UTR_variant,ENSG00000125520,63742991.0,63743501.0
rs6742,ENSG00000125520,,3_prime_UTR_variant,ENSG00000125520,63742991.0,63743505.0
rs6742,ENSG00000125520,,3_prime_UTR_variant,ENSG00000125520,63742991.0,63743502.0
rs6742,ENSG00000125520,,3_prime_UTR_variant,ENSG00000125520,63742991.0,63743500.0
rs6742,ENSG00000125520,,3_prime_UTR_variant,ENSG00000125520,63742991.0,63743503.0
rs9394766,ENSG00000112195,,3_prime_UTR_variant,ENSG00000112195,,
rs9394766,ENSG00000112195,,3_prime_UTR_variant,ENSG00000112195,41189749.0,41192426.0
rs7341557,ENSG00000120915,,3_prime_UTR_variant,ENSG00000120915,,
rs7341557,ENSG00000120915,,3_prime_UTR_variant,ENSG00000120915,27548110.0,27548161.0
rs7341557,ENSG00000120915,,3_prime_UTR_variant,ENSG00000120915,27548359.0,27548615.0
rs7341557,ENSG00000120915,,3_prime_UTR_variant,ENSG00000120915,27544523.0,27544919.0
rs7341557,ENSG00000120915,,3_prime_UTR_variant,ENSG00000120915,27544523.0,27545564.0
rs7341557,ENSG00000120915,,3_prime_UTR_variant,ENSG00000120915,27544523.0,27544913.0
rs7341557,ENSG00000120915,,3_prime_UTR_variant,ENSG00000120915,27544523.0,27544892.0
rs7341557,ENSG00000120915,,3_prime_UTR_variant,ENSG00000120915,27544523.0,27546128.0
rs7341557,ENSG00000120915,,3_prime_UTR_variant,ENSG00000120915,27544523.0,27544921.0
rs7341557,ENSG00000120915,,3_prime_UTR_variant,ENSG00000120915,27544523.0,27544920.0
rs7341557,ENSG00000120915,,3_prime_UTR_variant,ENSG00000120915,27544523.0,27544549.0
rs7341557,ENSG00000120915,,3_prime_UTR_variant,ENSG00000120915,27547843.0,27548992.0
rs7341557,ENSG00000120915,,3_prime_UTR_variant,ENSG00000120915,27544523.0,27544917.0
rs7341557,ENSG00000120915,,3_prime_UTR_variant,ENSG00000120915,27544523.0,27544915.0
rs10119,ENSG00000130204,,3_prime_UTR_variant,ENSG00000130204,,
rs10119,ENSG00000130204,,3_prime_UTR_variant,ENSG00000130204,44903170.0,44903688.0
rs10119,ENSG00000130204,,3_prime_UTR_variant,ENSG00000130204,44903170.0,44903689.0
rs10119,ENSG00000130204,,3_prime_UTR_variant,ENSG00000130204,44901355.0,44903686.0
rs10119,ENSG00000130204,,3_prime_UTR_variant,ENSG00000130204,44901355.0,44901452.0
rs10119,ENSG00000130204,,3_prime_UTR_variant,ENSG00000130204,44903030.0,44903132.0
rs10119,ENSG00000130204,,3_prime_UTR_variant,ENSG00000130204,44903170.0,44903686.0
rs10119,ENSG00000130204,,3_prime_UTR_variant,ENSG00000130204,44903170.0,44903695.0
rs10119,ENSG00000130204,,3_prime_UTR_variant,ENSG00000130204,44903170.0,44903643.0
rs10119,ENSG00000130204,TOMM40,3_prime_UTR_variant,ENSG00000130204,,
rs10119,ENSG00000130204,TOMM40,3_prime_UTR_variant,ENSG00000130204,44903170.0,44903688.0
rs10119,ENSG00000130204,TOMM40,3_prime_UTR_variant,ENSG00000130204,44903170.0,44903689.0
rs10119,ENSG00000130204,TOMM40,3_prime_UTR_variant,ENSG00000130204,44901355.0,44903686.0
rs10119,ENSG00000130204,TOMM40,3_prime_UTR_variant,ENSG00000130204,44901355.0,44901452.0
rs10119,ENSG00000130204,TOMM40,3_prime_UTR_variant,ENSG00000130204,44903030.0,44903132.0
rs10119,ENSG00000130204,TOMM40,3_prime_UTR_variant,ENSG00000130204,44903170.0,44903686.0
rs10119,ENSG00000130204,TOMM40,3_prime_UTR_variant,ENSG00000130204,44903170.0,44903695.0
rs10119,ENSG00000130204,TOMM40,3_prime_UTR_variant,ENSG00000130204,44903170.0,44903643.0
rs714948,ENSG00000073008,,3_prime_UTR_variant,ENSG00000073008,,
rs714948,ENSG00000073008,,3_prime_UTR_variant,ENSG00000073008,44661812.0,44663583.0
rs714948,ENSG00000073008,,3_prime_UTR_variant,ENSG00000073008,44661762.0,44663562.0
rs714948,ENSG00000073008,,3_prime_UTR_variant,ENSG00000073008,44659664.0,44661323.0
rs714948,ENSG00000073008,,3_prime_UTR_variant,ENSG00000073008,44661740.0,44663562.0
rs714948,ENSG00000073008,,3_prime_UTR_variant,ENSG00000073008,44654636.0,44655567.0
rs714948,ENSG00000073008,,3_prime_UTR_variant,ENSG00000073008,44658758.0,44658900.0
rs714948,ENSG00000073008,,3_prime_UTR_variant,ENSG00000073008,44661292.0,44661323.0
rs714948,ENSG00000073008,,3_prime_UTR_variant,ENSG00000073008,44661740.0,44663568.0
rs714948,ENSG00000073008,,3_prime_UTR_variant,ENSG00000073008,44661812.0,44666162.0
rs714948,ENSG00000073008,,3_prime_UTR_variant,ENSG00000073008,44649809.0,44650105.0
rs714948,ENSG00000073008,,3_prime_UTR_variant,ENSG00000073008,44653900.0,44654017.0
rs714948,ENSG00000073008,,3_prime_UTR_variant,ENSG00000073008,44647356.0,44647570.0
rs714948,ENSG00000073008,,3_prime_UTR_variant,ENSG00000073008,44657762.0,44657910.0
rs714948,ENSG00000073008,,3_prime_UTR_variant,ENSG00000073008,44658742.0,44658900.0
rs714948,ENSG00000073008,,3_prime_UTR_variant,ENSG00000073008,44661740.0,44663583.0
rs714948,ENSG00000073008,,3_prime_UTR_variant,ENSG00000073008,44658930.0,44659094.0
rs714948,ENSG00000073008,,3_prime_UTR_variant,ENSG00000073008,44661320.0,44661323.0
rs714948,ENSG00000073008,,3_prime_UTR_variant,ENSG00000073008,44661740.0,44661880.0
rs714948,ENSG00000073008,,3_prime_UTR_variant,ENSG00000073008,44661812.0,44663580.0
rs714948,ENSG00000073008,,3_prime_UTR_variant,ENSG00000073008,44661812.0,44663582.0
rs62119327,ENSG00000186567,,3_prime_UTR_variant,ENSG00000186567,,
rs62119327,ENSG00000186567,,3_prime_UTR_variant,ENSG00000186567,44683491.0,44684355.0
rs62119327,ENSG00000186567,,3_prime_UTR_variant,ENSG00000186567,44683491.0,44684359.0
rs62119327,ENSG00000186567,,3_prime_UTR_variant,ENSG00000186567,44683491.0,44684360.0
rs1048699,ENSG00000104866,"EIF5AP3,NKPD1",3_prime_UTR_variant,ENSG00000104866,,
rs1048699,ENSG00000104866,"EIF5AP3,NKPD1",3_prime_UTR_variant,ENSG00000104866,45146473.0,45146480.0
rs1048699,ENSG00000104866,"EIF5AP3,NKPD1",3_prime_UTR_variant,ENSG00000104866,45146571.0,45147285.0
rs1048699,ENSG00000104866,"EIF5AP3,NKPD1",3_prime_UTR_variant,ENSG00000104866,45146571.0,45147280.0
rs1048699,ENSG00000104866,"EIF5AP3,NKPD1",3_prime_UTR_variant,ENSG00000104866,45146571.0,45147290.0
rs1048699,ENSG00000104866,"EIF5AP3,NKPD1",3_prime_UTR_variant,ENSG00000104866,45146473.0,45147284.0
rs1048699,ENSG00000104866,"EIF5AP3,NKPD1",3_prime_UTR_variant,ENSG00000104866,45146473.0,45147270.0
rs1048699,ENSG00000104866,,3_prime_UTR_variant,ENSG00000104866,,
rs1048699,ENSG00000104866,,3_prime_UTR_variant,ENSG00000104866,45146473.0,45146480.0
rs1048699,ENSG00000104866,,3_prime_UTR_variant,ENSG00000104866,45146571.0,45147285.0
rs1048699,ENSG00000104866,,3_prime_UTR_variant,ENSG00000104866,45146571.0,45147280.0
rs1048699,ENSG00000104866,,3_prime_UTR_variant,ENSG00000104866,45146571.0,45147290.0
rs1048699,ENSG00000104866,,3_prime_UTR_variant,ENSG00000104866,45146473.0,45147284.0
rs1048699,ENSG00000104866,,3_prime_UTR_variant,ENSG00000104866,45146473.0,45147270.0
rs1421604029,ENSG00000162419,,3_prime_UTR_variant,ENSG00000162419,,
rs1421604029,ENSG00000162419,,3_prime_UTR_variant,ENSG00000162419,28714774.0,28719353.0
rs1421604029,ENSG00000162419,,3_prime_UTR_variant,ENSG00000162419,28714774.0,28714886.0
rs1421604029,ENSG00000162419,,3_prime_UTR_variant,ENSG00000162419,28714774.0,28714873.0
rs1421604029,ENSG00000162419,,3_prime_UTR_variant,ENSG00000162419,28714774.0,28715949.0
rs1421604029,ENSG00000162419,,3_prime_UTR_variant,ENSG00000162419,28714774.0,28715930.0
rs1421604029,ENSG00000162419,,3_prime_UTR_variant,ENSG00000162419,28714774.0,28715623.0
rs1421604029,ENSG00000162419,,3_prime_UTR_variant,ENSG00000162419,28714774.0,28715603.0
rs1421604029,ENSG00000162419,,3_prime_UTR_variant,ENSG00000162419,28714774.0,28715452.0
rs1421604029,ENSG00000162419,,3_prime_UTR_variant,ENSG00000162419,28714774.0,28714891.0
rs1421604029,ENSG00000162419,,3_prime_UTR_variant,ENSG00000162419,28714774.0,28714912.0
rs1421604029,ENSG00000162419,,3_prime_UTR_variant,ENSG00000162419,28714774.0,28715606.0
rs1421604029,ENSG00000162419,,3_prime_UTR_variant,ENSG00000162419,28714774.0,28715168.0
rs1421604029,ENSG00000162419,,3_prime_UTR_variant,ENSG00000162419,28714774.0,28715253.0
rs1421604029,ENSG00000162419,,3_prime_UTR_variant,ENSG00000162419,28714774.0,28714896.0
rs1421604029,ENSG00000162419,,3_prime_UTR_variant,ENSG00000162419,28714774.0,28715430.0
rs1421604029,ENSG00000162419,,3_prime_UTR_variant,ENSG00000162419,28714774.0,28715434.0
rs1421604029,ENSG00000162419,,3_prime_UTR_variant,ENSG00000162419,28714774.0,28714872.0
rs1414168601,ENSG00000198898,,3_prime_UTR_variant,ENSG00000198898,,
rs1414168601,ENSG00000198898,,3_prime_UTR_variant,ENSG00000198898,116898772.0,116898835.0
rs1414168601,ENSG00000198898,,3_prime_UTR_variant,ENSG00000198898,116880142.0,116880147.0
rs1414168601,ENSG00000198898,,3_prime_UTR_variant,ENSG00000198898,116888127.0,116888190.0
rs1414168601,ENSG00000198898,,3_prime_UTR_variant,ENSG00000198898,116892994.0,116893045.0
rs1414168601,ENSG00000198898,,3_prime_UTR_variant,ENSG00000198898,116904177.0,116904383.0
rs1414168601,ENSG00000198898,,3_prime_UTR_variant,ENSG00000198898,116906263.0,116906342.0
rs1414168601,ENSG00000198898,,3_prime_UTR_variant,ENSG00000198898,116910233.0,116910311.0
rs1414168601,ENSG00000198898,,3_prime_UTR_variant,ENSG00000198898,116912069.0,116912140.0
rs1414168601,ENSG00000198898,,3_prime_UTR_variant,ENSG00000198898,116916060.0,116916110.0
rs1414168601,ENSG00000198898,,3_prime_UTR_variant,ENSG00000198898,116917868.0,116922049.0
rs1414168601,ENSG00000198898,,3_prime_UTR_variant,ENSG00000198898,116904399.0,116904754.0
rs1414168601,ENSG00000198898,,3_prime_UTR_variant,ENSG00000198898,116910232.0,116910311.0
rs1414168601,ENSG00000198898,,3_prime_UTR_variant,ENSG00000198898,116916060.0,116916122.0
rs1414168601,ENSG00000198898,,3_prime_UTR_variant,ENSG00000198898,116917727.0,116918188.0
rs1414168601,ENSG00000198898,,3_prime_UTR_variant,ENSG00000198898,116917868.0,116919258.0
rs1414168601,ENSG00000198898,,3_prime_UTR_variant,ENSG00000198898,116917868.0,116919179.0
rs1414168601,ENSG00000198898,,3_prime_UTR_variant,ENSG00000198898,116917868.0,116918733.0
rs1414168601,ENSG00000198898,,3_prime_UTR_variant,ENSG00000198898,116917868.0,116918650.0
rs1414168601,ENSG00000198898,,3_prime_UTR_variant,ENSG00000198898,116917868.0,116918648.0
rs1414168601,ENSG00000198898,,3_prime_UTR_variant,ENSG00000198898,116917868.0,116918734.0
rs11557080,ENSG00000117280,RAB29,3_prime_UTR_variant,ENSG00000117280,,
rs11557080,ENSG00000117280,RAB29,3_prime_UTR_variant,ENSG00000117280,205767986.0,205770341.0
rs11557080,ENSG00000117280,RAB29,3_prime_UTR_variant,ENSG00000117280,205769437.0,205770341.0
rs11557080,ENSG00000117280,RAB29,3_prime_UTR_variant,ENSG00000117280,205770733.0,205770849.0
rs11557080,ENSG00000117280,RAB29,3_prime_UTR_variant,ENSG00000117280,205769447.0,205770453.0
rs11557080,ENSG00000117280,RAB29,3_prime_UTR_variant,ENSG00000117280,205769703.0,205770341.0
rs11557080,ENSG00000117280,RAB29,3_prime_UTR_variant,ENSG00000117280,205769718.0,205770341.0
rs11557080,ENSG00000117280,RAB29,3_prime_UTR_variant,ENSG00000117280,205770300.0,205770341.0
rs11557080,ENSG00000117280,RAB29,3_prime_UTR_variant,ENSG00000117280,205768526.0,205770341.0
rs11557080,ENSG00000117280,RAB29,3_prime_UTR_variant,ENSG00000117280,205768550.0,205770341.0
rs11557080,ENSG00000117280,RAB29,3_prime_UTR_variant,ENSG00000117280,205769430.0,205770341.0
rs11557080,ENSG00000117280,RAB29,3_prime_UTR_variant,ENSG00000117280,205769447.0,205770341.0
rs11557080,ENSG00000117280,RAB29,3_prime_UTR_variant,ENSG00000117280,205769446.0,205770341.0
rs11557080,ENSG00000117280,,3_prime_UTR_variant,ENSG00000117280,,
rs11557080,ENSG00000117280,,3_prime_UTR_variant,ENSG00000117280,205767986.0,205770341.0
rs11557080,ENSG00000117280,,3_prime_UTR_variant,ENSG00000117280,205769437.0,205770341.0
rs11557080,ENSG00000117280,,3_prime_UTR_variant,ENSG00000117280,205770733.0,205770849.0
rs11557080,ENSG00000117280,,3_prime_UTR_variant,ENSG00000117280,205769447.0,205770453.0
rs11557080,ENSG00000117280,,3_prime_UTR_variant,ENSG00000117280,205769703.0,205770341.0
rs11557080,ENSG00000117280,,3_prime_UTR_variant,ENSG00000117280,205769718.0,205770341.0
rs11557080,ENSG00000117280,,3_prime_UTR_variant,ENSG00000117280,205770300.0,205770341.0
rs11557080,ENSG00000117280,,3_prime_UTR_variant,ENSG00000117280,205768526.0,205770341.0
rs11557080,ENSG00000117280,,3_prime_UTR_variant,ENSG00000117280,205768550.0,205770341.0
rs11557080,ENSG00000117280,,3_prime_UTR_variant,ENSG00000117280,205769430.0,205770341.0
rs11557080,ENSG00000117280,,3_prime_UTR_variant,ENSG00000117280,205769447.0,205770341.0
rs11557080,ENSG00000117280,,3_prime_UTR_variant,ENSG00000117280,205769446.0,205770341.0
rs11343,ENSG00000103528,COQ7,3_prime_UTR_variant,ENSG00000103528,,
rs11343,ENSG00000103528,COQ7,3_prime_UTR_variant,ENSG00000103528,19267077.0,19268332.0
rs11343,ENSG00000103528,COQ7,3_prime_UTR_variant,ENSG00000103528,19250075.0,19250078.0
rs11343,ENSG00000103528,COQ7,3_prime_UTR_variant,ENSG00000103528,19267077.0,19267128.0
rs11343,ENSG00000103528,COQ7,3_prime_UTR_variant,ENSG00000103528,19267077.0,19267107.0
rs11343,ENSG00000103528,COQ7,3_prime_UTR_variant,ENSG00000103528,19224765.0,19224838.0
rs11343,ENSG00000103528,COQ7,3_prime_UTR_variant,ENSG00000103528,19249941.0,19249970.0
rs11343,ENSG00000103528,COQ7,3_prime_UTR_variant,ENSG00000103528,19267077.0,19267118.0
rs11343,ENSG00000103528,COQ7,3_prime_UTR_variant,ENSG00000103528,19267077.0,19267123.0
rs11343,ENSG00000103528,"SYT17,CLEC19A",3_prime_UTR_variant,ENSG00000103528,,
rs11343,ENSG00000103528,"SYT17,CLEC19A",3_prime_UTR_variant,ENSG00000103528,19267077.0,19268332.0
rs11343,ENSG00000103528,"SYT17,CLEC19A",3_prime_UTR_variant,ENSG00000103528,19250075.0,19250078.0
rs11343,ENSG00000103528,"SYT17,CLEC19A",3_prime_UTR_variant,ENSG00000103528,19267077.0,19267128.0
rs11343,ENSG00000103528,"SYT17,CLEC19A",3_prime_UTR_variant,ENSG00000103528,19267077.0,19267107.0
rs11343,ENSG00000103528,"SYT17,CLEC19A",3_prime_UTR_variant,ENSG00000103528,19224765.0,19224838.0
rs11343,ENSG00000103528,"SYT17,CLEC19A",3_prime_UTR_variant,ENSG00000103528,19249941.0,19249970.0
rs11343,ENSG00000103528,"SYT17,CLEC19A",3_prime_UTR_variant,ENSG00000103528,19267077.0,19267118.0
rs11343,ENSG00000103528,"SYT17,CLEC19A",3_prime_UTR_variant,ENSG00000103528,19267077.0,19267123.0
rs3805,ENSG00000069275,NUCKS1,3_prime_UTR_variant,ENSG00000069275,,
rs3805,ENSG00000069275,NUCKS1,3_prime_UTR_variant,ENSG00000069275,205712822.0,205718279.0
rs3805,ENSG00000069275,NUCKS1,3_prime_UTR_variant,ENSG00000069275,205713195.0,205718279.0
rs3805,ENSG00000069275,NUCKS1,3_prime_UTR_variant,ENSG00000069275,205718224.0,205718279.0
rs3805,ENSG00000069275,NUCKS1,3_prime_UTR_variant,ENSG00000069275,205717291.0,205718279.0
rs3805,ENSG00000069275,NUCKS1,3_prime_UTR_variant,ENSG00000069275,205717295.0,205718279.0
rs10903,ENSG00000117533,,3_prime_UTR_variant,ENSG00000117533,,
rs10903,ENSG00000117533,,3_prime_UTR_variant,ENSG00000117533,171700160.0,171704505.0
rs10903,ENSG00000117533,,3_prime_UTR_variant,ENSG00000117533,171704387.0,171704505.0
rs10903,ENSG00000117533,,3_prime_UTR_variant,ENSG00000117533,171701092.0,171702084.0
rs10903,ENSG00000117533,,3_prime_UTR_variant,ENSG00000117533,171703950.0,171704505.0
rs10903,ENSG00000117533,,3_prime_UTR_variant,ENSG00000117533,171703922.0,171704505.0
rs10903,ENSG00000117533,,3_prime_UTR_variant,ENSG00000117533,171704435.0,171704505.0
rs10903,ENSG00000117533,,3_prime_UTR_variant,ENSG00000117533,171700170.0,171704505.0
rs10903,ENSG00000117533,,3_prime_UTR_variant,ENSG00000117533,171703959.0,171704505.0
rs10903,ENSG00000117533,,3_prime_UTR_variant,ENSG00000117533,171703802.0,171704505.0
rs13664,ENSG00000077943,,3_prime_UTR_variant,ENSG00000077943,,
rs13664,ENSG00000077943,,3_prime_UTR_variant,ENSG00000077943,15513954.0,15517157.0
rs13664,ENSG00000077943,,3_prime_UTR_variant,ENSG00000077943,15517145.0,15517157.0
rs13664,ENSG00000077943,,3_prime_UTR_variant,ENSG00000077943,15517157.0,15517157.0
rs896435,ENSG00000077943,ITGA8,3_prime_UTR_variant,ENSG00000077943,,
rs896435,ENSG00000077943,ITGA8,3_prime_UTR_variant,ENSG00000077943,15513954.0,15517157.0
rs896435,ENSG00000077943,ITGA8,3_prime_UTR_variant,ENSG00000077943,15517145.0,15517157.0
rs896435,ENSG00000077943,ITGA8,3_prime_UTR_variant,ENSG00000077943,15517157.0,15517157.0
rs3742785,ENSG00000198208,RPS6KL1,3_prime_UTR_variant,ENSG00000198208,,
rs3742785,ENSG00000198208,RPS6KL1,3_prime_UTR_variant,ENSG00000198208,74903951.0,74907013.0
rs3742785,ENSG00000198208,RPS6KL1,3_prime_UTR_variant,ENSG00000198208,74903954.0,74907013.0
rs3742785,ENSG00000198208,RPS6KL1,3_prime_UTR_variant,ENSG00000198208,74905643.0,74906743.0
rs3742785,ENSG00000198208,RPS6KL1,3_prime_UTR_variant,ENSG00000198208,74906445.0,74906548.0
rs3742785,ENSG00000198208,RPS6KL1,3_prime_UTR_variant,ENSG00000198208,74905643.0,74906152.0
rs3742785,ENSG00000198208,RPS6KL1,3_prime_UTR_variant,ENSG00000198208,74905643.0,74907013.0
rs3742785,ENSG00000198208,RPS6KL1,3_prime_UTR_variant,ENSG00000198208,74907388.0,74907392.0
rs3742785,ENSG00000198208,RPS6KL1,3_prime_UTR_variant,ENSG00000198208,74906638.0,74907124.0
rs3742785,ENSG00000198208,RPS6KL1,3_prime_UTR_variant,ENSG00000198208,74906800.0,74907013.0
rs3742785,ENSG00000198208,RPS6KL1,3_prime_UTR_variant,ENSG00000198208,74906881.0,74907013.0
rs3742785,ENSG00000198208,RPS6KL1,3_prime_UTR_variant,ENSG00000198208,74905646.0,74907013.0
rs3742785,ENSG00000198208,RPS6KL1,3_prime_UTR_variant,ENSG00000198208,74905645.0,74907013.0
rs3742785,ENSG00000198208,RPS6KL1,3_prime_UTR_variant,ENSG00000198208,74905644.0,74907013.0
rs3742785,ENSG00000198208,RPS6KL1,3_prime_UTR_variant,ENSG00000198208,74905641.0,74907013.0
rs3742785,ENSG00000198208,RPS6KL1,3_prime_UTR_variant,ENSG00000198208,74905640.0,74907013.0
rs3742785,ENSG00000198208,RPS6KL1,3_prime_UTR_variant,ENSG00000198208,74906706.0,74907013.0
rs562331457,ENSG00000090863,,3_prime_UTR_variant,ENSG00000090863,,
rs562331457,ENSG00000090863,,3_prime_UTR_variant,ENSG00000090863,74447427.0,74452055.0
rs562331457,ENSG00000090863,,3_prime_UTR_variant,ENSG00000090863,74447440.0,74453166.0
rs562331457,ENSG00000090863,,3_prime_UTR_variant,ENSG00000090863,74452027.0,74452055.0
rs562331457,ENSG00000090863,,3_prime_UTR_variant,ENSG00000090863,74477396.0,74477439.0
rs562331457,ENSG00000090863,,3_prime_UTR_variant,ENSG00000090863,74474546.0,74474632.0
rs562331457,ENSG00000090863,,3_prime_UTR_variant,ENSG00000090863,74472349.0,74472411.0
rs562331457,ENSG00000090863,,3_prime_UTR_variant,ENSG00000090863,74471173.0,74471286.0
rs562331457,ENSG00000090863,,3_prime_UTR_variant,ENSG00000090863,74469985.0,74470073.0
rs562331457,ENSG00000090863,,3_prime_UTR_variant,ENSG00000090863,74468946.0,74469063.0
rs562331457,ENSG00000090863,,3_prime_UTR_variant,ENSG00000090863,74467756.0,74467848.0
rs562331457,ENSG00000090863,,3_prime_UTR_variant,ENSG00000090863,74465676.0,74465813.0
rs562331457,ENSG00000090863,,3_prime_UTR_variant,ENSG00000090863,74463356.0,74463479.0
rs562331457,ENSG00000090863,,3_prime_UTR_variant,ENSG00000090863,74462488.0,74462630.0
rs562331457,ENSG00000090863,,3_prime_UTR_variant,ENSG00000090863,74462094.0,74462195.0
rs562331457,ENSG00000090863,,3_prime_UTR_variant,ENSG00000090863,74459682.0,74459789.0
rs562331457,ENSG00000090863,,3_prime_UTR_variant,ENSG00000090863,74457874.0,74457994.0
rs562331457,ENSG00000090863,,3_prime_UTR_variant,ENSG00000090863,74456649.0,74456755.0
rs562331457,ENSG00000090863,,3_prime_UTR_variant,ENSG00000090863,74452790.0,74453334.0
rs562331457,ENSG00000090863,,3_prime_UTR_variant,ENSG00000090863,74472526.0,74472589.0
rs562331457,ENSG00000090863,,3_prime_UTR_variant,ENSG00000090863,74452808.0,74453166.0
rs562331457,ENSG00000090863,,3_prime_UTR_variant,ENSG00000090863,74452819.0,74453166.0
rs8327,ENSG00000159314,,3_prime_UTR_variant,ENSG00000159314,,
rs8327,ENSG00000159314,,3_prime_UTR_variant,ENSG00000159314,45393902.0,45395455.0
rs8327,ENSG00000159314,,3_prime_UTR_variant,ENSG00000159314,45393908.0,45395455.0
rs8327,ENSG00000159314,,3_prime_UTR_variant,ENSG00000159314,45393909.0,45395455.0
rs8327,ENSG00000159314,,3_prime_UTR_variant,ENSG00000159314,45393939.0,45395455.0
rs8327,ENSG00000159314,,3_prime_UTR_variant,ENSG00000159314,45394943.0,45395455.0
rs8327,ENSG00000159314,,3_prime_UTR_variant,ENSG00000159314,45402714.0,45402818.0
rs8327,ENSG00000159314,,3_prime_UTR_variant,ENSG00000159314,45403619.0,45403709.0
rs8327,ENSG00000159314,,3_prime_UTR_variant,ENSG00000159314,45404029.0,45404096.0
rs8327,ENSG00000159314,,3_prime_UTR_variant,ENSG00000159314,45404445.0,45404496.0
rs8327,ENSG00000159314,,3_prime_UTR_variant,ENSG00000159314,45429352.0,45429487.0
rs8327,ENSG00000159314,,3_prime_UTR_variant,ENSG00000159314,45429353.0,45429487.0
rs8327,ENSG00000159314,,3_prime_UTR_variant,ENSG00000159314,45393898.0,45395455.0
rs8327,ENSG00000159314,,3_prime_UTR_variant,ENSG00000159314,45393913.0,45395455.0
rs8327,ENSG00000159314,,3_prime_UTR_variant,ENSG00000159314,45393910.0,45395455.0
rs8327,ENSG00000159314,,3_prime_UTR_variant,ENSG00000159314,45393912.0,45395455.0
rs8327,ENSG00000159314,,3_prime_UTR_variant,ENSG00000159314,45393907.0,45395455.0
rs8327,ENSG00000159314,,3_prime_UTR_variant,ENSG00000159314,45393911.0,45395455.0
rs73415968,ENSG00000168675,,3_prime_UTR_variant,ENSG00000168675,,
rs73415968,ENSG00000168675,,3_prime_UTR_variant,ENSG00000168675,13645658.0,13649072.0
rs73415968,ENSG00000168675,,3_prime_UTR_variant,ENSG00000168675,13645658.0,13646721.0
rs73415968,ENSG00000168675,,3_prime_UTR_variant,ENSG00000168675,13645658.0,13652751.0
rs73415968,ENSG00000168675,,3_prime_UTR_variant,ENSG00000168675,13645658.0,13652755.0
rs73415968,ENSG00000168675,,3_prime_UTR_variant,ENSG00000168675,13645658.0,13649041.0
rs73415968,ENSG00000168675,,3_prime_UTR_variant,ENSG00000168675,13464993.0,13465111.0
rs73415968,ENSG00000168675,,3_prime_UTR_variant,ENSG00000168675,13621117.0,13621271.0
rs73415968,ENSG00000168675,,3_prime_UTR_variant,ENSG00000168675,13645658.0,13646703.0
rs73415968,ENSG00000168675,,3_prime_UTR_variant,ENSG00000168675,13645658.0,13645777.0
rs73415968,ENSG00000168675,,3_prime_UTR_variant,ENSG00000168675,13645658.0,13646734.0
rs73415968,ENSG00000168675,,3_prime_UTR_variant,ENSG00000168675,13612804.0,13615748.0
rs73415968,ENSG00000168675,,3_prime_UTR_variant,ENSG00000168675,13645658.0,13645659.0
rs73415968,ENSG00000168675,,3_prime_UTR_variant,ENSG00000168675,13644714.0,13644925.0
rs73415968,ENSG00000168675,,3_prime_UTR_variant,ENSG00000168675,13645127.0,13646703.0
rs73415968,ENSG00000168675,,3_prime_UTR_variant,ENSG00000168675,13643359.0,13643412.0
rs73415968,ENSG00000168675,,3_prime_UTR_variant,ENSG00000168675,13615814.0,13615912.0
rs73415968,ENSG00000168675,,3_prime_UTR_variant,ENSG00000168675,13645127.0,13646721.0
rs73415968,ENSG00000168675,,3_prime_UTR_variant,ENSG00000168675,13645658.0,13652749.0
rs73415968,ENSG00000168675,,3_prime_UTR_variant,ENSG00000168675,13645658.0,13652506.0
rs73415968,ENSG00000168675,,3_prime_UTR_variant,ENSG00000168675,13645658.0,13646742.0
rs73415968,ENSG00000168675,,3_prime_UTR_variant,ENSG00000168675,13645658.0,13646732.0
rs73415968,ENSG00000168675,,3_prime_UTR_variant,ENSG00000168675,13645658.0,13646069.0
rs73415968,ENSG00000168675,,3_prime_UTR_variant,ENSG00000168675,13645658.0,13645780.0
rs73415968,ENSG00000168675,,3_prime_UTR_variant,ENSG00000168675,13645658.0,13645782.0
rs73415968,ENSG00000168675,,3_prime_UTR_variant,ENSG00000168675,13645658.0,13645977.0
rs73415968,ENSG00000168675,,3_prime_UTR_variant,ENSG00000168675,13645658.0,13645776.0
rs73415968,ENSG00000168675,,3_prime_UTR_variant,ENSG00000168675,13645658.0,13647266.0
rs73415968,ENSG00000168675,,3_prime_UTR_variant,ENSG00000168675,13645658.0,13650546.0
