rsid,Gene_ID,Gene_Name,Consequence,Gene stable ID,3' UTR start,3' UTR end,utr_length,Allele_Sequence,SNP_ID,SNP_position,Ref,Alt,Transcript,Transcript_position,miRNA,miRNA_position,effect
rs10119,ENSG00000130204,,3_prime_UTR_variant,ENSG00000130204,44901355.0,44903686.0,2331.0,G/A,rs10119,44903416,G,A,ENST00000426677,chr19:44903170-44903689(+),hsa-miR-1180-3p,chr17:19344513-19344534:-,loss
rs10119,ENSG00000130204,,3_prime_UTR_variant,ENSG00000130204,44901355.0,44903686.0,2331.0,G/A,rs10119,44903416,G,A,ENST00000426677,chr19:44903170-44903689(+),hsa-miR-4664-3p,chr8:143733089-143733110:-,loss
rs10422253,ENSG00000125741,OPA3,3_prime_UTR_variant,ENSG00000125741,45546281.0,45553513.0,7232.0,A/G/T,rs10422253,45546724,A,G,ENST00000263275,chr19:45546281-45553513(-),hsa-miR-199a-3p,chr1:172144554-172144575:-,loss
rs10422253,ENSG00000125741,OPA3,3_prime_UTR_variant,ENSG00000125741,45546281.0,45553513.0,7232.0,A/G/T,rs10422253,45546724,A,G,ENST00000263275,chr19:45546281-45553513(-),hsa-miR-4671-3p,chr1:234306512-234306532:+,loss
rs10422253,ENSG00000125741,OPA3,3_prime_UTR_variant,ENSG00000125741,45546281.0,45553513.0,7232.0,A/G/T,rs10422253,45546724,A,G,ENST00000263275,chr19:45546281-45553513(-),hsa-miR-936,chr10:104048151-104048172:-,loss
rs10422253,ENSG00000125741,OPA3,3_prime_UTR_variant,ENSG00000125741,45546281.0,45553513.0,7232.0,A/G/T,rs10422253,45546724,A,G,ENST00000263275,chr19:45546281-45553513(-),hsa-miR-4295,chr10:112634180-112634197:+,loss
rs10422253,ENSG00000125741,OPA3,3_prime_UTR_variant,ENSG00000125741,45546281.0,45553513.0,7232.0,A/G/T,rs10422253,45546724,A,G,ENST00000263275,chr19:45546281-45553513(-),hsa-miR-6073,chr11:15969555-15969574:-,loss
rs10422253,ENSG00000125741,OPA3,3_prime_UTR_variant,ENSG00000125741,45546281.0,45553513.0,7232.0,A/G/T,rs10422253,45546724,A,G,ENST00000263275,chr19:45546281-45553513(-),hsa-miR-130a-3p,chr11:57641252-57641273:+,loss
rs10422253,ENSG00000125741,OPA3,3_prime_UTR_variant,ENSG00000125741,45546281.0,45553513.0,7232.0,A/G/T,rs10422253,45546724,A,G,ENST00000263275,chr19:45546281-45553513(-),hsa-miR-1244,chr12:9239472-9239497:-,loss
rs10422253,ENSG00000125741,OPA3,3_prime_UTR_variant,ENSG00000125741,45546281.0,45553513.0,7232.0,A/G/T,rs10422253,45546724,A,G,ENST00000263275,chr19:45546281-45553513(-),hsa-miR-142-3p,chr17:58331245-58331267:-,loss
rs10422253,ENSG00000125741,OPA3,3_prime_UTR_variant,ENSG00000125741,45546281.0,45553513.0,7232.0,A/G/T,rs10422253,45546724,A,G,ENST00000263275,chr19:45546281-45553513(-),hsa-miR-454-3p,chr17:59137787-59137809:-,loss
rs10422253,ENSG00000125741,OPA3,3_prime_UTR_variant,ENSG00000125741,45546281.0,45553513.0,7232.0,A/G/T,rs10422253,45546724,A,G,ENST00000263275,chr19:45546281-45553513(-),hsa-miR-301a-3p,chr17:59151149-59151171:-,loss
rs10422253,ENSG00000125741,OPA3,3_prime_UTR_variant,ENSG00000125741,45546281.0,45553513.0,7232.0,A/G/T,rs10422253,45546724,A,G,ENST00000263275,chr19:45546281-45553513(-),hsa-miR-3129-5p,chr2:189133082-189133103:-,loss
rs10422253,ENSG00000125741,OPA3,3_prime_UTR_variant,ENSG00000125741,45546281.0,45553513.0,7232.0,A/G/T,rs10422253,45546724,A,G,ENST00000263275,chr19:45546281-45553513(-),hsa-miR-301b-3p,chr22:21653025-21653047:+,loss
rs10422253,ENSG00000125741,OPA3,3_prime_UTR_variant,ENSG00000125741,45546281.0,45553513.0,7232.0,A/G/T,rs10422253,45546724,A,G,ENST00000263275,chr19:45546281-45553513(-),hsa-miR-130b-3p,chr22:21653354-21653375:+,loss
rs10422253,ENSG00000125741,OPA3,3_prime_UTR_variant,ENSG00000125741,45546281.0,45553513.0,7232.0,A/G/T,rs10422253,45546724,A,G,ENST00000263275,chr19:45546281-45553513(-),hsa-miR-3666,chr7:114653373-114653393:+,loss
rs10422253,ENSG00000125741,OPA3,3_prime_UTR_variant,ENSG00000125741,45546281.0,45553513.0,7232.0,A/G/T,rs10422253,45546724,A,G,ENST00000263275,chr19:45546281-45553513(-),hsa-miR-4473,chr9:20411161-20411182:-,loss
rs10422253,ENSG00000125741,OPA3,3_prime_UTR_variant,ENSG00000125741,45546281.0,45553513.0,7232.0,A/G/T,rs10422253,45546724,A,G,ENST00000263275,chr19:45546281-45553513(-),hsa-miR-199b-3p,chr9:128244745-128244766:-,loss
rs1048699,ENSG00000104866,"EIF5AP3,NKPD1",3_prime_UTR_variant,ENSG00000104866,45146473.0,45147284.0,811.0,C/T,rs1048699,45147128,C,T,ENST00000221462,chr19:45146473-45146480|chr19:45146571-45147285(+),hsa-miR-761,chr1:51836375-51836396:-,loss
rs1048699,ENSG00000104866,"EIF5AP3,NKPD1",3_prime_UTR_variant,ENSG00000104866,45146473.0,45147284.0,811.0,C/T,rs1048699,45147128,C,T,ENST00000221462,chr19:45146473-45146480|chr19:45146571-45147285(+),hsa-miR-214-3p,chr1:172138816-172138837:-,loss
rs1048699,ENSG00000104866,"EIF5AP3,NKPD1",3_prime_UTR_variant,ENSG00000104866,45146473.0,45147284.0,811.0,C/T,rs1048699,45147128,C,T,ENST00000221462,chr19:45146473-45146480|chr19:45146571-45147285(+),hsa-miR-3120-3p,chr1:172138858-172138878:+,loss
rs1048699,ENSG00000104866,"EIF5AP3,NKPD1",3_prime_UTR_variant,ENSG00000104866,45146473.0,45147284.0,811.0,C/T,rs1048699,45147128,C,T,ENST00000221462,chr19:45146473-45146480|chr19:45146571-45147285(+),hsa-miR-4690-5p,chr11:65636310-65636331:+,loss
rs1048699,ENSG00000104866,"EIF5AP3,NKPD1",3_prime_UTR_variant,ENSG00000104866,45146473.0,45147284.0,811.0,C/T,rs1048699,45147128,C,T,ENST00000221462,chr19:45146473-45146480|chr19:45146571-45147285(+),hsa-miR-6510-5p,chr17:41517194-41517215:-,loss
rs1048699,ENSG00000104866,"EIF5AP3,NKPD1",3_prime_UTR_variant,ENSG00000104866,45146473.0,45147284.0,811.0,C/T,rs1048699,45147128,C,T,ENST00000221462,chr19:45146473-45146480|chr19:45146571-45147285(+),hsa-miR-6165,chr17:49510825-49510843:+,loss
rs1048699,ENSG00000104866,"EIF5AP3,NKPD1",3_prime_UTR_variant,ENSG00000104866,45146473.0,45147284.0,811.0,C/T,rs1048699,45147128,C,T,ENST00000221462,chr19:45146473-45146480|chr19:45146571-45147285(+),hsa-miR-1909-3p,chr19:1816169-1816190:-,loss
rs1048699,ENSG00000104866,"EIF5AP3,NKPD1",3_prime_UTR_variant,ENSG00000104866,45146473.0,45147284.0,811.0,C/T,rs1048699,45147128,C,T,ENST00000221462,chr19:45146473-45146480|chr19:45146571-45147285(+),hsa-miR-3619-5p,chr22:46091059-46091080:+,loss
rs1048699,ENSG00000104866,"EIF5AP3,NKPD1",3_prime_UTR_variant,ENSG00000104866,45146473.0,45147284.0,811.0,C/T,rs1048699,45147128,C,T,ENST00000221462,chr19:45146473-45146480|chr19:45146571-45147285(+),hsa-miR-922,chr3:197674498-197674520:-,loss
rs1048699,ENSG00000104866,"EIF5AP3,NKPD1",3_prime_UTR_variant,ENSG00000104866,45146473.0,45147284.0,811.0,C/T,rs1048699,45147128,C,T,ENST00000221462,chr19:45146473-45146480|chr19:45146571-45147285(+),hsa-miR-2277-3p,chr5:93620710-93620730:-,loss
rs1048699,ENSG00000104866,"EIF5AP3,NKPD1",3_prime_UTR_variant,ENSG00000104866,45146473.0,45147284.0,811.0,C/T,rs1048699,45147128,C,T,ENST00000221462,chr19:45146473-45146480|chr19:45146571-45147285(+),hsa-miR-6836-5p,chr7:2257551-2257572:-,loss
rs1048699,ENSG00000104866,"EIF5AP3,NKPD1",3_prime_UTR_variant,ENSG00000104866,45146473.0,45147284.0,811.0,C/T,rs1048699,45147128,C,T,ENST00000221462,chr19:45146473-45146480|chr19:45146571-45147285(+),hsa-miR-6132,chr7:117020231-117020249:+,loss
rs1048699,ENSG00000104866,"EIF5AP3,NKPD1",3_prime_UTR_variant,ENSG00000104866,45146473.0,45147284.0,811.0,C/T,rs1048699,45147128,C,T,ENST00000221462,chr19:45146473-45146480|chr19:45146571-45147285(+),hsa-miR-6722-3p,chr9:136746903-136746924:-,loss
rs1065712,ENSG00000164733,,3_prime_UTR_variant,ENSG00000164733,11842524.0,11845222.0,2698.0,G/C,rs1065712,11844613,G,C,ENST00000353047,chr8:11842524-11845124(-),hsa-miR-3156-5p,chr10:45164021-45164042:+,loss
rs1065712,ENSG00000164733,,3_prime_UTR_variant,ENSG00000164733,11842524.0,11845222.0,2698.0,G/C,rs1065712,11844613,G,C,ENST00000353047,chr8:11842524-11845124(-),hsa-miR-5694,chr14:67441902-67441922:-,loss
rs1065712,ENSG00000164733,,3_prime_UTR_variant,ENSG00000164733,11842524.0,11845222.0,2698.0,G/C,rs1065712,11844613,G,C,ENST00000353047,chr8:11842524-11845124(-),hsa-miR-4772-5p,chr2:102432300-102432321:+,loss
rs1065712,ENSG00000164733,,3_prime_UTR_variant,ENSG00000164733,11842524.0,11845222.0,2698.0,G/C,rs1065712,11844613,G,C,ENST00000353047,chr8:11842524-11845124(-),hsa-miR-125b-2-3p,chr21:16590290-16590311:+,loss
rs1065712,ENSG00000164733,,3_prime_UTR_variant,ENSG00000164733,11842524.0,11845222.0,2698.0,G/C,rs1065712,11844613,G,C,ENST00000353047,chr8:11842524-11845124(-),hsa-miR-4457,chr5:1309314-1309335:-,loss
rs1065712,ENSG00000164733,,3_prime_UTR_variant,ENSG00000164733,11842524.0,11845222.0,2698.0,G/C,rs1065712,11844613,G,C,ENST00000353047,chr8:11842524-11845124(-),hsa-miR-383-5p,chr8:14853483-14853504:-,loss
rs10903,ENSG00000117533,,3_prime_UTR_variant,ENSG00000117533,171700160.0,171704505.0,4345.0,G/A/T,rs10903,171704096,G,A,ENST00000236192,chr1:171700160-171704505(-),hsa-miR-30e-3p,chr1:40754413-40754434:+,loss
rs10903,ENSG00000117533,,3_prime_UTR_variant,ENSG00000117533,171700160.0,171704505.0,4345.0,G/A/T,rs10903,171704096,G,A,ENST00000236192,chr1:171700160-171704505(-),hsa-miR-4310,chr15:41866505-41866520:-,loss
rs10903,ENSG00000117533,,3_prime_UTR_variant,ENSG00000117533,171700160.0,171704505.0,4345.0,G/A/T,rs10903,171704096,G,A,ENST00000236192,chr1:171700160-171704505(-),hsa-miR-7157-5p,chr2:140586663-140586685:-,loss
rs10903,ENSG00000117533,,3_prime_UTR_variant,ENSG00000117533,171700160.0,171704505.0,4345.0,G/A/T,rs10903,171704096,G,A,ENST00000236192,chr1:171700160-171704505(-),hsa-miR-30a-3p,chr6:71403554-71403575:-,loss
rs10903,ENSG00000117533,,3_prime_UTR_variant,ENSG00000117533,171700160.0,171704505.0,4345.0,G/A/T,rs10903,171704096,G,A,ENST00000236192,chr1:171700160-171704505(-),hsa-miR-30d-3p,chr8:134804879-134804900:-,loss
rs10903,ENSG00000117533,,3_prime_UTR_variant,ENSG00000117533,171700160.0,171704505.0,4345.0,G/A/T,rs10903,171704096,G,A,ENST00000236192,chr1:171700160-171704505(-),hsa-miR-4291,chr9:93819367-93819382:+,loss
rs11343,ENSG00000103528,COQ7,3_prime_UTR_variant,ENSG00000103528,19267077.0,19268332.0,1255.0,T/C/G,rs11343,19268142,T,C,ENST00000355377,chr16:19267077-19268332(+),hsa-miR-548ac,chr1:116560038-116560059:-,loss
rs11343,ENSG00000103528,COQ7,3_prime_UTR_variant,ENSG00000103528,19267077.0,19268332.0,1255.0,T/C/G,rs11343,19268142,T,C,ENST00000355377,chr16:19267077-19268332(+),hsa-miR-548z,chr12:64622530-64622552:-,loss
rs11343,ENSG00000103528,COQ7,3_prime_UTR_variant,ENSG00000103528,19267077.0,19268332.0,1255.0,T/C/G,rs11343,19268142,T,C,ENST00000355377,chr16:19267077-19268332(+),hsa-miR-548x-3p,chr13:65966352-65966371:-,loss
rs11343,ENSG00000103528,COQ7,3_prime_UTR_variant,ENSG00000103528,19267077.0,19268332.0,1255.0,T/C/G,rs11343,19268142,T,C,ENST00000355377,chr16:19267077-19268332(+),hsa-miR-548d-3p,chr17:67471504-67471525:-,loss
rs11343,ENSG00000103528,COQ7,3_prime_UTR_variant,ENSG00000103528,19267077.0,19268332.0,1255.0,T/C/G,rs11343,19268142,T,C,ENST00000355377,chr16:19267077-19268332(+),hsa-miR-548ae-3p,chr2:184379017-184379037:+,loss
rs11343,ENSG00000103528,COQ7,3_prime_UTR_variant,ENSG00000103528,19267077.0,19268332.0,1255.0,T/C/G,rs11343,19268142,T,C,ENST00000355377,chr16:19267077-19268332(+),hsa-miR-548j-3p,chr22:26555239-26555259:-,loss
rs11343,ENSG00000103528,COQ7,3_prime_UTR_variant,ENSG00000103528,19267077.0,19268332.0,1255.0,T/C/G,rs11343,19268142,T,C,ENST00000355377,chr16:19267077-19268332(+),hsa-miR-548bb-3p,chr3:60617815-60617836:-,loss
rs11343,ENSG00000103528,COQ7,3_prime_UTR_variant,ENSG00000103528,19267077.0,19268332.0,1255.0,T/C/G,rs11343,19268142,T,C,ENST00000355377,chr16:19267077-19268332(+),hsa-miR-548aq-3p,chr3:185767847-185767868:-,loss
rs11343,ENSG00000103528,COQ7,3_prime_UTR_variant,ENSG00000103528,19267077.0,19268332.0,1255.0,T/C/G,rs11343,19268142,T,C,ENST00000355377,chr16:19267077-19268332(+),hsa-miR-548ah-3p,chr4:76575597-76575618:+,loss
rs11343,ENSG00000103528,COQ7,3_prime_UTR_variant,ENSG00000103528,19267077.0,19268332.0,1255.0,T/C/G,rs11343,19268142,T,C,ENST00000355377,chr16:19267077-19268332(+),hsa-miR-548aj-3p,chr6:132115199-132115219:-,loss
rs11343,ENSG00000103528,COQ7,3_prime_UTR_variant,ENSG00000103528,19267077.0,19268332.0,1255.0,T/C/G,rs11343,19268142,T,C,ENST00000355377,chr16:19267077-19268332(+),hsa-miR-548h-3p,chr8:27048871-27048893:-,loss
rs11343,ENSG00000103528,COQ7,3_prime_UTR_variant,ENSG00000103528,19267077.0,19268332.0,1255.0,T/C/G,rs11343,19268142,T,C,ENST00000355377,chr16:19267077-19268332(+),hsa-miR-548am-3p,chrX:16627019-16627040:-,loss
rs114812713,ENSG00000124596,TREM2,3_prime_UTR_variant,ENSG00000124596,41064772.0,41067334.0,2562.0,G/A/C,rs114812713,41066261,G,A,ENST00000424266,chr6:41064772-41067334(-),hsa-miR-1287-5p,chr10:98395271-98395292:-,loss
rs114812713,ENSG00000124596,TREM2,3_prime_UTR_variant,ENSG00000124596,41064772.0,41067334.0,2562.0,G/A/C,rs114812713,41066261,G,A,ENST00000424266,chr6:41064772-41067334(-),hsa-miR-6128,chr11:56743943-56743961:+,loss
rs114812713,ENSG00000124596,TREM2,3_prime_UTR_variant,ENSG00000124596,41064772.0,41067334.0,2562.0,G/A/C,rs114812713,41066261,G,A,ENST00000424266,chr6:41064772-41067334(-),hsa-miR-3135b,chr6:32749952-32749973:-,loss
rs114812713,ENSG00000124596,TREM2,3_prime_UTR_variant,ENSG00000124596,41064772.0,41067334.0,2562.0,G/A/C,rs114812713,41066261,G,A,ENST00000424266,chr6:41064772-41067334(-),hsa-miR-875-3p,chr8:99536797-99536817:-,loss
rs11557080,ENSG00000117280,RAB29,3_prime_UTR_variant,ENSG00000117280,205767986.0,205770341.0,2355.0,G/A,rs11557080,205768611,G,A,ENST00000367139,chr1:205767986-205770341(-),hsa-miR-4418,chr1:22266277-22266294:+,loss
rs11557080,ENSG00000117280,RAB29,3_prime_UTR_variant,ENSG00000117280,205767986.0,205770341.0,2355.0,G/A,rs11557080,205768611,G,A,ENST00000367139,chr1:205767986-205770341(-),hsa-miR-4420,chr1:30739158-30739179:-,loss
rs11557080,ENSG00000117280,RAB29,3_prime_UTR_variant,ENSG00000117280,205767986.0,205770341.0,2355.0,G/A,rs11557080,205768611,G,A,ENST00000367139,chr1:205767986-205770341(-),hsa-miR-181b-3p,chr1:198858887-198858907:-,loss
rs11557080,ENSG00000117280,RAB29,3_prime_UTR_variant,ENSG00000117280,205767986.0,205770341.0,2355.0,G/A,rs11557080,205768611,G,A,ENST00000367139,chr1:205767986-205770341(-),hsa-miR-2276-3p,chr13:24162469-24162490:+,loss
rs11557080,ENSG00000117280,RAB29,3_prime_UTR_variant,ENSG00000117280,205767986.0,205770341.0,2355.0,G/A,rs11557080,205768611,G,A,ENST00000367139,chr1:205767986-205770341(-),hsa-miR-6807-3p,chr19:58550354-58550376:+,loss
rs11557080,ENSG00000117280,RAB29,3_prime_UTR_variant,ENSG00000117280,205767986.0,205770341.0,2355.0,G/A,rs11557080,205768611,G,A,ENST00000367139,chr1:205767986-205770341(-),hsa-miR-217-5p,chr2:55983020-55983042:-,loss
rs11557080,ENSG00000117280,RAB29,3_prime_UTR_variant,ENSG00000117280,205767986.0,205770341.0,2355.0,G/A,rs11557080,205768611,G,A,ENST00000367139,chr1:205767986-205770341(-),hsa-miR-4772-3p,chr2:102432336-102432357:+,loss
rs11557080,ENSG00000117280,RAB29,3_prime_UTR_variant,ENSG00000117280,205767986.0,205770341.0,2355.0,G/A,rs11557080,205768611,G,A,ENST00000367139,chr1:205767986-205770341(-),hsa-miR-6890-3p,chr3:49099854-49099873:-,loss
rs11557080,ENSG00000117280,RAB29,3_prime_UTR_variant,ENSG00000117280,205767986.0,205770341.0,2355.0,G/A,rs11557080,205768611,G,A,ENST00000367139,chr1:205767986-205770341(-),hsa-miR-653-3p,chr7:93482784-93482805:-,loss
rs11557080,ENSG00000117280,RAB29,3_prime_UTR_variant,ENSG00000117280,205767986.0,205770341.0,2355.0,G/A,rs11557080,205768611,G,A,ENST00000367139,chr1:205767986-205770341(-),hsa-miR-181b-2-3p,chr9:124693763-124693782:+,loss
rs11557080,ENSG00000117280,RAB29,3_prime_UTR_variant,ENSG00000117280,205767986.0,205770341.0,2355.0,G/A,rs11557080,205768611,G,A,ENST00000367139,chr1:205767986-205770341(-),hsa-miR-509-5p,chrX:147258811-147258831:-,loss
rs11557080,ENSG00000117280,RAB29,3_prime_UTR_variant,ENSG00000117280,205767986.0,205770341.0,2355.0,G/A,rs11557080,205768611,G,A,ENST00000367139,chr1:205767986-205770341(-),hsa-miR-509-3-5p,chrX:147259696-147259717:-,loss
rs13664,ENSG00000077943,,3_prime_UTR_variant,ENSG00000077943,15513954.0,15517157.0,3203.0,G/C/T,rs13664,15514323,G,C,ENST00000378076,chr10:15513954-15517157(-),hsa-miR-191-5p,chr3:49020672-49020694:-,loss
rs139643391,ENSG00000138442,,3_prime_UTR_variant,ENSG00000138442,202874261.0,202880859.0,6598.0,C/-,rs139643391,202878716,TC,T,ENST00000261015,chr2:202874261-202880859(-),hsa-miR-6767-5p,chr16:2445397-2445419:+,loss
rs139643391,ENSG00000138442,,3_prime_UTR_variant,ENSG00000138442,202874261.0,202880859.0,6598.0,C/-,rs139643391,202878716,TC,T,ENST00000261015,chr2:202874261-202880859(-),hsa-miR-5705,chr4:87300505-87300527:-,loss
rs1414168601,ENSG00000198898,,3_prime_UTR_variant,ENSG00000198898,116917868.0,116922049.0,4181.0,-/TG,rs1414168601,116919680,A,ATG,ENST00000361183,chr7:116917868-116922049(+),hsa-miR-6760-3p,chr12:111304189-111304209:+,loss
rs1414168601,ENSG00000198898,,3_prime_UTR_variant,ENSG00000198898,116917868.0,116922049.0,4181.0,-/TG,rs1414168601,116919680,A,ATG,ENST00000361183,chr7:116917868-116922049(+),hsa-miR-4318,chr18:37657189-37657205:+,loss
rs1414168601,ENSG00000198898,,3_prime_UTR_variant,ENSG00000198898,116917868.0,116922049.0,4181.0,-/TG,rs1414168601,116919680,A,ATG,ENST00000361183,chr7:116917868-116922049(+),hsa-miR-1208,chr8:128150127-128150146:+,loss
rs1414168601,ENSG00000198898,,3_prime_UTR_variant,ENSG00000198898,116917868.0,116922049.0,4181.0,-/TG,rs1414168601,116919680,A,ATG,ENST00000361183,chr7:116917868-116922049(+),hsa-miR-3152-3p,chr9:18573350-18573371:+,loss
rs1414168601,ENSG00000198898,,3_prime_UTR_variant,ENSG00000198898,116917868.0,116922049.0,4181.0,-/TG,rs1414168601,116919680,A,ATG,ENST00000361183,chr7:116917868-116922049(+),hsa-miR-892a,chrX:145996679-145996699:-,loss
rs145049847,ENSG00000183921,Intergenic,3_prime_UTR_variant,ENSG00000183921,22190394.0,22191751.0,1357.0,C/G,rs145049847,22190681,C,G,ENST00000602312,chr16:22190394-22191751(+),hsa-miR-658,chr22:37844287-37844311:-,loss
rs145049847,ENSG00000183921,Intergenic,3_prime_UTR_variant,ENSG00000183921,22190394.0,22191751.0,1357.0,C/G,rs145049847,22190681,C,G,ENST00000602312,chr16:22190394-22191751(+),hsa-miR-25-5p,chr7:100093610-100093630:-,loss
rs145049847,ENSG00000183921,Intergenic,3_prime_UTR_variant,ENSG00000183921,22190394.0,22191751.0,1357.0,C/G,rs145049847,22190681,C,G,ENST00000602312,chr16:22190394-22191751(+),hsa-miR-4468,chr7:138123803-138123820:+,loss
rs145049847,ENSG00000183921,Intergenic,3_prime_UTR_variant,ENSG00000183921,22190394.0,22191751.0,1357.0,C/G,rs145049847,22190681,C,G,ENST00000602312,chr16:22190394-22191751(+),hsa-miR-6081,chr9:95065406-95065429:+,loss
rs148763909,ENSG00000164576,SAP30L,3_prime_UTR_variant,ENSG00000164576,154456029.0,154461053.0,5024.0,C/A/T,rs148763909,154457546,C,A,ENST00000297109,chr5:154456029-154461053(+),hsa-miR-4632-3p,chr1:12191752-12191773:+,loss
rs148763909,ENSG00000164576,SAP30L,3_prime_UTR_variant,ENSG00000164576,154456029.0,154461053.0,5024.0,C/A/T,rs148763909,154457546,C,A,ENST00000297109,chr5:154456029-154461053(+),hsa-miR-3173-5p,chr14:95137961-95137982:-,loss
rs148763909,ENSG00000164576,SAP30L,3_prime_UTR_variant,ENSG00000164576,154456029.0,154461053.0,5024.0,C/A/T,rs148763909,154457546,C,A,ENST00000297109,chr5:154456029-154461053(+),hsa-miR-6799-3p,chr19:49791912-49791934:+,loss
rs148763909,ENSG00000164576,SAP30L,3_prime_UTR_variant,ENSG00000164576,154456029.0,154461053.0,5024.0,C/A/T,rs148763909,154457546,C,A,ENST00000297109,chr5:154456029-154461053(+),hsa-miR-1249-3p,chr22:45200958-45200979:-,loss
rs148763909,ENSG00000164576,SAP30L,3_prime_UTR_variant,ENSG00000164576,154456029.0,154461053.0,5024.0,C/A/T,rs148763909,154457546,C,A,ENST00000297109,chr5:154456029-154461053(+),hsa-miR-7976,chr3:127587158-127587176:-,loss
rs149080927,ENSG00000129911,,3_prime_UTR_variant,ENSG00000129911,1852399.0,1854458.0,2059.0,CCCCC/CCCC/CCCCCC,rs149080927,1854254,GC,G,ENST00000250916,chr19:1852399-1854458(-),hsa-miR-4313,chr15:75762286-75762305:-,loss
rs149080927,ENSG00000129911,,3_prime_UTR_variant,ENSG00000129911,1852399.0,1854458.0,2059.0,CCCCC/CCCC/CCCCCC,rs149080927,1854254,GC,G,ENST00000250916,chr19:1852399-1854458(-),hsa-miR-6840-5p,chr7:100356656-100356679:+,loss
rs1969355,ENSG00000130921,Intergenic,3_prime_UTR_variant,ENSG00000130921,123254035.0,123256585.0,2550.0,G/A,rs1969355,123257514,G,A,ENST00000253233,chr12:123257032-123257960(+),hsa-miR-6812-3p,chr20:45425553-45425573:+,loss
rs367670643,ENSG00000214787,,3_prime_UTR_variant,ENSG00000214787,60200270.0,60201542.0,1272.0,G/A/C/T,rs367670643,60201232,G,A,ENST00000651255,chr11:60200270-60201542(-),hsa-miR-4743-5p,chr18:48670602-48670624:+,loss
rs367670643,ENSG00000214787,,3_prime_UTR_variant,ENSG00000214787,60200270.0,60201542.0,1272.0,G/A/C/T,rs367670643,60201232,G,A,ENST00000651255,chr11:60200270-60201542(-),hsa-miR-6499-5p,chr5:151522123-151522144:-,loss
rs373046986,ENSG00000198252,,3_prime_UTR_variant,ENSG00000198252,52771107.0,52774989.0,3882.0,T/TAGATT/TAGT,rs373046986,52773341,A,ATAG,ENST00000442123,chr14:52771107-52774941(+),hsa-miR-548c-3p,chr12:64622569-64622590:+,loss
rs373046986,ENSG00000198252,,3_prime_UTR_variant,ENSG00000198252,52771107.0,52774989.0,3882.0,T/TAGATT/TAGT,rs373046986,52773341,A,ATAG,ENST00000442123,chr14:52771107-52774941(+),hsa-miR-4668-3p,chr9:111932147-111932169:+,loss
rs3742785,ENSG00000198208,RPS6KL1,3_prime_UTR_variant,ENSG00000198208,74903951.0,74907013.0,3062.0,A/C,rs3742785,74906331,A,C,ENST00000557413,chr14:74903951-74907013(-),hsa-miR-12132,chr1:61846140-61846161:+,loss
rs3742785,ENSG00000198208,RPS6KL1,3_prime_UTR_variant,ENSG00000198208,74903951.0,74907013.0,3062.0,A/C,rs3742785,74906331,A,C,ENST00000557413,chr14:74903951-74907013(-),hsa-miR-885-5p,chr3:10394531-10394552:-,loss
rs3805,ENSG00000069275,NUCKS1,3_prime_UTR_variant,ENSG00000069275,205712822.0,205718279.0,5457.0,T/A/G,rs3805,205714227,T,A,ENST00000367142,chr1:205712822-205718279(-),hsa-miR-4253,chr1:22863169-22863186:-,loss
rs3805,ENSG00000069275,NUCKS1,3_prime_UTR_variant,ENSG00000069275,205712822.0,205718279.0,5457.0,T/A/G,rs3805,205714227,T,A,ENST00000367142,chr1:205712822-205718279(-),hsa-miR-6862-5p,chr16:28391025-28391046:-,loss
rs3805,ENSG00000069275,NUCKS1,3_prime_UTR_variant,ENSG00000069275,205712822.0,205718279.0,5457.0,T/A/G,rs3805,205714227,T,A,ENST00000367142,chr1:205712822-205718279(-),hsa-miR-3945,chr4:184851066-184851088:-,loss
rs3916898,ENSG00000104884,,3_prime_UTR_variant,ENSG00000104884,45349847.0,45351721.0,1874.0,A/C,rs3916898,45351072,A,C,ENST00000391945,chr19:45349837-45351628(-),hsa-miR-4708-5p,chr14:65335155-65335175:-,loss
rs3916898,ENSG00000104884,,3_prime_UTR_variant,ENSG00000104884,45349847.0,45351721.0,1874.0,A/C,rs3916898,45351072,A,C,ENST00000391945,chr19:45349837-45351628(-),hsa-miR-6088,chr19:45436654-45436673:+,loss
rs3916898,ENSG00000104884,,3_prime_UTR_variant,ENSG00000104884,45349847.0,45351721.0,1874.0,A/C,rs3916898,45351072,A,C,ENST00000391945,chr19:45349837-45351628(-),hsa-miR-4756-3p,chr20:54068418-54068439:-,loss
rs3916898,ENSG00000104884,,3_prime_UTR_variant,ENSG00000104884,45349847.0,45351721.0,1874.0,A/C,rs3916898,45351072,A,C,ENST00000391945,chr19:45349837-45351628(-),hsa-miR-6529-5p,chr3:120084614-120084635:-,loss
rs3916898,ENSG00000104884,,3_prime_UTR_variant,ENSG00000104884,45349847.0,45351721.0,1874.0,A/C,rs3916898,45351072,A,C,ENST00000391945,chr19:45349837-45351628(-),hsa-miR-3919,chr3:159282700-159282720:+,loss
rs3916898,ENSG00000104884,,3_prime_UTR_variant,ENSG00000104884,45349847.0,45351721.0,1874.0,A/C,rs3916898,45351072,A,C,ENST00000391945,chr19:45349837-45351628(-),hsa-miR-143-3p,chr5:149428978-149428998:+,loss
rs3916898,ENSG00000104884,,3_prime_UTR_variant,ENSG00000104884,45349847.0,45351721.0,1874.0,A/C,rs3916898,45351072,A,C,ENST00000391945,chr19:45349837-45351628(-),hsa-miR-4770,chrX:6383907-6383924:-,loss
rs4575098,ENSG00000158859,ADAMTS4,3_prime_UTR_variant,ENSG00000158859,161184302.0,161191137.0,6835.0,G/A,rs4575098,161185602,G,A,ENST00000367996,chr1:161184302-161191137(-),hsa-miR-409-3p,chr14:101065346-101065367:+,loss
rs4575098,ENSG00000158859,ADAMTS4,3_prime_UTR_variant,ENSG00000158859,161184302.0,161191137.0,6835.0,G/A,rs4575098,161185602,G,A,ENST00000367996,chr1:161184302-161191137(-),hsa-miR-33a-3p,chr22:41900989-41901010:+,loss
rs4575098,ENSG00000158859,ADAMTS4,3_prime_UTR_variant,ENSG00000158859,161184302.0,161191137.0,6835.0,G/A,rs4575098,161185602,G,A,ENST00000367996,chr1:161184302-161191137(-),hsa-miR-569,chr3:171106679-171106699:-,loss
rs4575098,ENSG00000158859,ADAMTS4,3_prime_UTR_variant,ENSG00000158859,161184302.0,161191137.0,6835.0,G/A,rs4575098,161185602,G,A,ENST00000367996,chr1:161184302-161191137(-),hsa-miR-3662,chr6:134979355-134979378:-,loss
rs4575098,ENSG00000158859,ADAMTS4,3_prime_UTR_variant,ENSG00000158859,161184302.0,161191137.0,6835.0,G/A,rs4575098,161185602,G,A,ENST00000367996,chr1:161184302-161191137(-),hsa-miR-2053,chr8:112643553-112643575:+,loss
rs545753812,ENSG00000012061,,3_prime_UTR_variant,ENSG00000012061,45407358.0,45409725.0,2367.0,A/G/T,rs545753812,45408009,A,G,ENST00000300853,chr19:45407334-45409674(-),hsa-miR-2681-3p,chr13:101967665-101967686:-,loss
rs545753812,ENSG00000012061,,3_prime_UTR_variant,ENSG00000012061,45407358.0,45409725.0,2367.0,A/G/T,rs545753812,45408009,A,G,ENST00000300853,chr19:45407334-45409674(-),hsa-miR-5694,chr14:67441902-67441922:-,loss
rs545753812,ENSG00000012061,,3_prime_UTR_variant,ENSG00000012061,45407358.0,45409725.0,2367.0,A/G/T,rs545753812,45408009,A,G,ENST00000300853,chr19:45407334-45409674(-),hsa-miR-96-3p,chr7:129774697-129774718:-,loss
rs562331457,ENSG00000090863,,3_prime_UTR_variant,ENSG00000090863,74447440.0,74453166.0,5726.0,G/T,rs562331457,74447619,G,T,ENST00000205061,chr16:74447427-74452055(-),hsa-miR-10395-3p,chr19:12703601-12703621:-,loss
rs562331457,ENSG00000090863,,3_prime_UTR_variant,ENSG00000090863,74447440.0,74453166.0,5726.0,G/T,rs562331457,74447619,G,T,ENST00000205061,chr16:74447427-74452055(-),hsa-miR-3149,chr8:76966778-76966800:-,loss
rs5848,ENSG00000030582,GRN,3_prime_UTR_variant,ENSG00000030582,44352653.0,44353043.0,390.0,C/T,rs5848,44352876,C,T,ENST00000053867,chr17:44352799-44353106(+),hsa-miR-6732-5p,chr1:37480235-37480254:+,loss
rs5848,ENSG00000030582,GRN,3_prime_UTR_variant,ENSG00000030582,44352653.0,44353043.0,390.0,C/T,rs5848,44352876,C,T,ENST00000053867,chr17:44352799-44353106(+),hsa-miR-5698,chr1:154104562-154104583:-,loss
rs5848,ENSG00000030582,GRN,3_prime_UTR_variant,ENSG00000030582,44352653.0,44353043.0,390.0,C/T,rs5848,44352876,C,T,ENST00000053867,chr17:44352799-44353106(+),hsa-miR-1343-5p,chr11:34941851-34941872:+,loss
rs5848,ENSG00000030582,GRN,3_prime_UTR_variant,ENSG00000030582,44352653.0,44353043.0,390.0,C/T,rs5848,44352876,C,T,ENST00000053867,chr17:44352799-44353106(+),hsa-miR-7106-5p,chr12:113159153-113159172:-,loss
rs5848,ENSG00000030582,GRN,3_prime_UTR_variant,ENSG00000030582,44352653.0,44353043.0,390.0,C/T,rs5848,44352876,C,T,ENST00000053867,chr17:44352799-44353106(+),hsa-miR-625-5p,chr14:65471116-65471136:+,loss
rs5848,ENSG00000030582,GRN,3_prime_UTR_variant,ENSG00000030582,44352653.0,44353043.0,390.0,C/T,rs5848,44352876,C,T,ENST00000053867,chr17:44352799-44353106(+),hsa-miR-4716-3p,chr15:49169079-49169100:-,loss
rs5848,ENSG00000030582,GRN,3_prime_UTR_variant,ENSG00000030582,44352653.0,44353043.0,390.0,C/T,rs5848,44352876,C,T,ENST00000053867,chr17:44352799-44353106(+),hsa-miR-3175,chr15:92904408-92904429:+,loss
rs5848,ENSG00000030582,GRN,3_prime_UTR_variant,ENSG00000030582,44352653.0,44353043.0,390.0,C/T,rs5848,44352876,C,T,ENST00000053867,chr17:44352799-44353106(+),hsa-miR-6883-5p,chr17:8145045-8145066:-,loss
rs5848,ENSG00000030582,GRN,3_prime_UTR_variant,ENSG00000030582,44352653.0,44353043.0,390.0,C/T,rs5848,44352876,C,T,ENST00000053867,chr17:44352799-44353106(+),hsa-miR-4723-5p,chr17:28360660-28360683:+,loss
rs5848,ENSG00000030582,GRN,3_prime_UTR_variant,ENSG00000030582,44352653.0,44353043.0,390.0,C/T,rs5848,44352876,C,T,ENST00000053867,chr17:44352799-44353106(+),hsa-miR-4728-5p,chr17:39726496-39726518:+,loss
rs5848,ENSG00000030582,GRN,3_prime_UTR_variant,ENSG00000030582,44352653.0,44353043.0,390.0,C/T,rs5848,44352876,C,T,ENST00000053867,chr17:44352799-44353106(+),hsa-miR-5010-5p,chr17:42514208-42514229:+,loss
rs5848,ENSG00000030582,GRN,3_prime_UTR_variant,ENSG00000030582,44352653.0,44353043.0,390.0,C/T,rs5848,44352876,C,T,ENST00000053867,chr17:44352799-44353106(+),hsa-miR-6785-5p,chr17:75498553-75498574:+,loss
rs5848,ENSG00000030582,GRN,3_prime_UTR_variant,ENSG00000030582,44352653.0,44353043.0,390.0,C/T,rs5848,44352876,C,T,ENST00000053867,chr17:44352799-44353106(+),hsa-miR-4525,chr17:82668281-82668301:-,loss
rs5848,ENSG00000030582,GRN,3_prime_UTR_variant,ENSG00000030582,44352653.0,44353043.0,390.0,C/T,rs5848,44352876,C,T,ENST00000053867,chr17:44352799-44353106(+),hsa-miR-6789-5p,chr19:2235899-2235922:-,loss
rs5848,ENSG00000030582,GRN,3_prime_UTR_variant,ENSG00000030582,44352653.0,44353043.0,390.0,C/T,rs5848,44352876,C,T,ENST00000053867,chr17:44352799-44353106(+),hsa-miR-6794-5p,chr19:12852265-12852284:+,loss
rs5848,ENSG00000030582,GRN,3_prime_UTR_variant,ENSG00000030582,44352653.0,44353043.0,390.0,C/T,rs5848,44352876,C,T,ENST00000053867,chr17:44352799-44353106(+),hsa-miR-6799-5p,chr19:49791871-49791890:+,loss
rs5848,ENSG00000030582,GRN,3_prime_UTR_variant,ENSG00000030582,44352653.0,44353043.0,390.0,C/T,rs5848,44352876,C,T,ENST00000053867,chr17:44352799-44353106(+),hsa-miR-6805-5p,chr19:55388186-55388207:+,loss
rs5848,ENSG00000030582,GRN,3_prime_UTR_variant,ENSG00000030582,44352653.0,44353043.0,390.0,C/T,rs5848,44352876,C,T,ENST00000053867,chr17:44352799-44353106(+),hsa-miR-149-3p,chr2:240456056-240456076:+,loss
rs5848,ENSG00000030582,GRN,3_prime_UTR_variant,ENSG00000030582,44352653.0,44353043.0,390.0,C/T,rs5848,44352876,C,T,ENST00000053867,chr17:44352799-44353106(+),hsa-miR-6870-5p,chr20:10649672-10649690:-,loss
rs5848,ENSG00000030582,GRN,3_prime_UTR_variant,ENSG00000030582,44352653.0,44353043.0,390.0,C/T,rs5848,44352876,C,T,ENST00000053867,chr17:44352799-44353106(+),hsa-miR-6824-5p,chr3:48633672-48633693:-,loss
rs5848,ENSG00000030582,GRN,3_prime_UTR_variant,ENSG00000030582,44352653.0,44353043.0,390.0,C/T,rs5848,44352876,C,T,ENST00000053867,chr17:44352799-44353106(+),hsa-miR-6825-5p,chr3:127575305-127575326:-,loss
rs5848,ENSG00000030582,GRN,3_prime_UTR_variant,ENSG00000030582,44352653.0,44353043.0,390.0,C/T,rs5848,44352876,C,T,ENST00000053867,chr17:44352799-44353106(+),hsa-miR-4278,chr5:6827863-6827880:-,loss
rs5848,ENSG00000030582,GRN,3_prime_UTR_variant,ENSG00000030582,44352653.0,44353043.0,390.0,C/T,rs5848,44352876,C,T,ENST00000053867,chr17:44352799-44353106(+),hsa-miR-7111-5p,chr6:35470509-35470530:+,loss
rs5848,ENSG00000030582,GRN,3_prime_UTR_variant,ENSG00000030582,44352653.0,44353043.0,390.0,C/T,rs5848,44352876,C,T,ENST00000053867,chr17:44352799-44353106(+),hsa-miR-939-5p,chr8:144394193-144394216:-,loss
rs5848,ENSG00000030582,GRN,3_prime_UTR_variant,ENSG00000030582,44352653.0,44353043.0,390.0,C/T,rs5848,44352876,C,T,ENST00000053867,chr17:44352799-44353106(+),hsa-miR-6851-5p,chr9:33467908-33467930:-,loss
rs5848,ENSG00000030582,GRN,3_prime_UTR_variant,ENSG00000030582,44352653.0,44353043.0,390.0,C/T,rs5848,44352876,C,T,ENST00000053867,chr17:44352799-44353106(+),hsa-miR-3689d,chr9:134849660-134849681:-,loss
rs62119327,ENSG00000186567,,3_prime_UTR_variant,ENSG00000186567,44683491.0,44684360.0,869.0,G/T,rs62119327,44683601,G,T,ENST00000358777,chr19:44683491-44684355(+),hsa-miR-6072,chr10:2076031-2076052:-,loss
rs62119327,ENSG00000186567,,3_prime_UTR_variant,ENSG00000186567,44683491.0,44684360.0,869.0,G/T,rs62119327,44683601,G,T,ENST00000358777,chr19:44683491-44684355(+),hsa-miR-6870-3p,chr20:10649636-10649657:-,loss
rs62119327,ENSG00000186567,,3_prime_UTR_variant,ENSG00000186567,44683491.0,44684360.0,869.0,G/T,rs62119327,44683601,G,T,ENST00000358777,chr19:44683491-44684355(+),hsa-miR-1306-5p,chr22:20086072-20086093:+,loss
rs62119327,ENSG00000186567,,3_prime_UTR_variant,ENSG00000186567,44683491.0,44684360.0,869.0,G/T,rs62119327,44683601,G,T,ENST00000358777,chr19:44683491-44684355(+),hsa-miR-6891-3p,chr6:31355228-31355248:-,loss
rs62364788,ENSG00000049883,,3_prime_UTR_variant,ENSG00000049883,72358428.0,72368395.0,9967.0,G/A,rs62364788,72361587,G,A,ENST00000380639,chr5:72358428-72368395(+),hsa-miR-4685-3p,chr10:98431292-98431313:-,loss
rs62364788,ENSG00000049883,,3_prime_UTR_variant,ENSG00000049883,72358428.0,72368395.0,9967.0,G/A,rs62364788,72361587,G,A,ENST00000380639,chr5:72358428-72368395(+),hsa-miR-7113-3p,chr11:68032900-68032922:+,loss
rs62364788,ENSG00000049883,,3_prime_UTR_variant,ENSG00000049883,72358428.0,72368395.0,9967.0,G/A,rs62364788,72361587,G,A,ENST00000380639,chr5:72358428-72368395(+),hsa-miR-7106-3p,chr12:113159113-113159135:-,loss
rs62364788,ENSG00000049883,,3_prime_UTR_variant,ENSG00000049883,72358428.0,72368395.0,9967.0,G/A,rs62364788,72361587,G,A,ENST00000380639,chr5:72358428-72368395(+),hsa-miR-6772-3p,chr16:57772290-57772312:-,loss
rs62364788,ENSG00000049883,,3_prime_UTR_variant,ENSG00000049883,72358428.0,72368395.0,9967.0,G/A,rs62364788,72361587,G,A,ENST00000380639,chr5:72358428-72368395(+),hsa-miR-4287,chr8:27886088-27886106:-,loss
rs62364788,ENSG00000049883,,3_prime_UTR_variant,ENSG00000049883,72358428.0,72368395.0,9967.0,G/A,rs62364788,72361587,G,A,ENST00000380639,chr5:72358428-72368395(+),hsa-miR-4469,chr8:42896203-42896224:-,loss
rs6576,ENSG00000183955,,3_prime_UTR_variant,ENSG00000183955,123407704.0,123409353.0,1649.0,G/A/C/T,rs6576,123408387,G,A,ENST00000402868,chr12:123407704-123409353(+),hsa-miR-6732-3p,chr1:37480267-37480289:+,loss
rs6576,ENSG00000183955,,3_prime_UTR_variant,ENSG00000183955,123407704.0,123409353.0,1649.0,G/A/C/T,rs6576,123408387,G,A,ENST00000402868,chr12:123407704-123409353(+),hsa-miR-6769b-3p,chr1:206474844-206474864:+,loss
rs6576,ENSG00000183955,,3_prime_UTR_variant,ENSG00000183955,123407704.0,123409353.0,1649.0,G/A/C/T,rs6576,123408387,G,A,ENST00000402868,chr12:123407704-123409353(+),hsa-miR-2276-5p,chr13:24162431-24162452:+,loss
rs6576,ENSG00000183955,,3_prime_UTR_variant,ENSG00000183955,123407704.0,123409353.0,1649.0,G/A/C/T,rs6576,123408387,G,A,ENST00000402868,chr12:123407704-123409353(+),hsa-miR-3183,chr17:1022529-1022550:-,loss
rs6576,ENSG00000183955,,3_prime_UTR_variant,ENSG00000183955,123407704.0,123409353.0,1649.0,G/A/C/T,rs6576,123408387,G,A,ENST00000402868,chr12:123407704-123409353(+),hsa-miR-4723-3p,chr17:28360712-28360733:+,loss
rs6576,ENSG00000183955,,3_prime_UTR_variant,ENSG00000183955,123407704.0,123409353.0,1649.0,G/A/C/T,rs6576,123408387,G,A,ENST00000402868,chr12:123407704-123409353(+),hsa-miR-6892-3p,chr7:143382780-143382800:+,loss
rs6576,ENSG00000183955,,3_prime_UTR_variant,ENSG00000183955,123407704.0,123409353.0,1649.0,G/A/C/T,rs6576,123408387,G,A,ENST00000402868,chr12:123407704-123409353(+),hsa-miR-652-5p,chrX:110055349-110055373:+,loss
rs6742,ENSG00000125520,SLC2A4RG,3_prime_UTR_variant,ENSG00000125520,63742991.0,63744050.0,1059.0,T/C/G,rs6742,63743088,T,C,ENST00000266077,chr20:63742991-63744050(+),hsa-miR-488-3p,chr1:177029374-177029394:-,loss
rs6742,ENSG00000125520,SLC2A4RG,3_prime_UTR_variant,ENSG00000125520,63742991.0,63744050.0,1059.0,T/C/G,rs6742,63743088,T,C,ENST00000266077,chr20:63742991-63744050(+),hsa-miR-4676-5p,chr10:72721038-72721058:+,loss
rs6742,ENSG00000125520,SLC2A4RG,3_prime_UTR_variant,ENSG00000125520,63742991.0,63744050.0,1059.0,T/C/G,rs6742,63743088,T,C,ENST00000266077,chr20:63742991-63744050(+),hsa-miR-575,chr4:82753352-82753370:-,loss
rs6742,ENSG00000125520,SLC2A4RG,3_prime_UTR_variant,ENSG00000125520,63742991.0,63744050.0,1059.0,T/C/G,rs6742,63743088,T,C,ENST00000266077,chr20:63742991-63744050(+),hsa-miR-6858-3p,chrX:154450361-154450382:+,loss
rs6857,ENSG00000130202,,3_prime_UTR_variant,ENSG00000130202,44888380.0,44889228.0,848.0,C/T,rs6857,44888997,C,T,ENST00000252483,chr19:44888380-44889223(+),hsa-miR-12116,chr1:179803938-179803959:+,loss
rs6857,ENSG00000130202,,3_prime_UTR_variant,ENSG00000130202,44888380.0,44889228.0,848.0,C/T,rs6857,44888997,C,T,ENST00000252483,chr19:44888380-44889223(+),hsa-miR-3652,chr12:103930425-103930442:+,loss
rs6857,ENSG00000130202,,3_prime_UTR_variant,ENSG00000130202,44888380.0,44889228.0,848.0,C/T,rs6857,44888997,C,T,ENST00000252483,chr19:44888380-44889223(+),hsa-miR-4505,chr14:73758749-73758766:+,loss
rs6857,ENSG00000130202,,3_prime_UTR_variant,ENSG00000130202,44888380.0,44889228.0,848.0,C/T,rs6857,44888997,C,T,ENST00000252483,chr19:44888380-44889223(+),hsa-miR-3929,chr18:35934088-35934110:-,loss
rs6857,ENSG00000130202,,3_prime_UTR_variant,ENSG00000130202,44888380.0,44889228.0,848.0,C/T,rs6857,44888997,C,T,ENST00000252483,chr19:44888380-44889223(+),hsa-miR-4430,chr2:33418519-33418536:+,loss
rs6857,ENSG00000130202,,3_prime_UTR_variant,ENSG00000130202,44888380.0,44889228.0,848.0,C/T,rs6857,44888997,C,T,ENST00000252483,chr19:44888380-44889223(+),hsa-miR-645,chr20:50585846-50585864:+,loss
rs6857,ENSG00000130202,,3_prime_UTR_variant,ENSG00000130202,44888380.0,44889228.0,848.0,C/T,rs6857,44888997,C,T,ENST00000252483,chr19:44888380-44889223(+),hsa-miR-5787,chr3:50227438-50227457:+,loss
rs6857,ENSG00000130202,,3_prime_UTR_variant,ENSG00000130202,44888380.0,44889228.0,848.0,C/T,rs6857,44888997,C,T,ENST00000252483,chr19:44888380-44889223(+),hsa-miR-4478,chr9:122120147-122120163:-,loss
rs714948,ENSG00000073008,,3_prime_UTR_variant,ENSG00000073008,44661812.0,44666162.0,4350.0,A/C,rs714948,44662645,A,C,ENST00000344956,chr19:44661812-44663583(+),hsa-miR-3198,chr12:54231407-54231428:-,loss
rs714948,ENSG00000073008,,3_prime_UTR_variant,ENSG00000073008,44661812.0,44666162.0,4350.0,A/C,rs714948,44662645,A,C,ENST00000344956,chr19:44661812-44663583(+),hsa-miR-432-5p,chr14:100884496-100884518:+,loss
rs714948,ENSG00000073008,,3_prime_UTR_variant,ENSG00000073008,44661812.0,44666162.0,4350.0,A/C,rs714948,44662645,A,C,ENST00000344956,chr19:44661812-44663583(+),hsa-miR-4309,chr14:102539654-102539671:+,loss
rs714948,ENSG00000073008,,3_prime_UTR_variant,ENSG00000073008,44661812.0,44666162.0,4350.0,A/C,rs714948,44662645,A,C,ENST00000344956,chr19:44661812-44663583(+),hsa-miR-12131,chr6:151102739-151102758:+,loss
rs72835061,ENSG00000205710,"CHRNE,C17orf107",3_prime_UTR_variant,ENSG00000205710,4900534.0,4902934.0,2400.0,C/A/G/T,rs72835061,4902142,C,A,ENST00000381365,chr17:4900534-4902934(+),hsa-miR-6732-5p,chr1:37480235-37480254:+,loss
rs72835061,ENSG00000205710,"CHRNE,C17orf107",3_prime_UTR_variant,ENSG00000205710,4900534.0,4902934.0,2400.0,C/A/G/T,rs72835061,4902142,C,A,ENST00000381365,chr17:4900534-4902934(+),hsa-miR-6752-5p,chr11:67490250-67490271:+,loss
rs72835061,ENSG00000205710,"CHRNE,C17orf107",3_prime_UTR_variant,ENSG00000205710,4900534.0,4902934.0,2400.0,C/A/G/T,rs72835061,4902142,C,A,ENST00000381365,chr17:4900534-4902934(+),hsa-miR-4716-3p,chr15:49169079-49169100:-,loss
rs72835061,ENSG00000205710,"CHRNE,C17orf107",3_prime_UTR_variant,ENSG00000205710,4900534.0,4902934.0,2400.0,C/A/G/T,rs72835061,4902142,C,A,ENST00000381365,chr17:4900534-4902934(+),hsa-miR-6881-5p,chr15:74411406-74411427:-,loss
rs72835061,ENSG00000205710,"CHRNE,C17orf107",3_prime_UTR_variant,ENSG00000205710,4900534.0,4902934.0,2400.0,C/A/G/T,rs72835061,4902142,C,A,ENST00000381365,chr17:4900534-4902934(+),hsa-miR-6794-5p,chr19:12852265-12852284:+,loss
rs72835061,ENSG00000205710,"CHRNE,C17orf107",3_prime_UTR_variant,ENSG00000205710,4900534.0,4902934.0,2400.0,C/A/G/T,rs72835061,4902142,C,A,ENST00000381365,chr17:4900534-4902934(+),hsa-miR-6805-5p,chr19:55388186-55388207:+,loss
rs72835061,ENSG00000205710,"CHRNE,C17orf107",3_prime_UTR_variant,ENSG00000205710,4900534.0,4902934.0,2400.0,C/A/G/T,rs72835061,4902142,C,A,ENST00000381365,chr17:4900534-4902934(+),hsa-miR-7110-5p,chr3:123161799-123161819:+,loss
rs72835061,ENSG00000205710,"CHRNE,C17orf107",3_prime_UTR_variant,ENSG00000205710,4900534.0,4902934.0,2400.0,C/A/G/T,rs72835061,4902142,C,A,ENST00000381365,chr17:4900534-4902934(+),hsa-miR-6835-5p,chr6:34240678-34240699:+,loss
rs72835061,ENSG00000205710,"CHRNE,C17orf107",3_prime_UTR_variant,ENSG00000205710,4900534.0,4902934.0,2400.0,C/A/G/T,rs72835061,4902142,C,A,ENST00000381365,chr17:4900534-4902934(+),hsa-miR-6842-5p,chr8:27433375-27433396:+,loss
rs7341557,ENSG00000120915,,3_prime_UTR_variant,ENSG00000120915,27544523.0,27546128.0,1605.0,G/A/C/T,rs7341557,27545260,G,A,ENST00000521400,chr8:27544523-27545564(+),hsa-miR-552-5p,chr1:34669650-34669670:-,loss
rs7341557,ENSG00000120915,,3_prime_UTR_variant,ENSG00000120915,27544523.0,27546128.0,1605.0,G/A/C/T,rs7341557,27545260,G,A,ENST00000521400,chr8:27544523-27545564(+),hsa-miR-302d-5p,chr4:112648045-112648066:-,loss
rs7341557,ENSG00000120915,,3_prime_UTR_variant,ENSG00000120915,27544523.0,27546128.0,1605.0,G/A/C/T,rs7341557,27545260,G,A,ENST00000521400,chr8:27544523-27545564(+),hsa-miR-302b-5p,chr4:112648526-112648547:-,loss
rs73415968,ENSG00000168675,,3_prime_UTR_variant,ENSG00000168675,13645658.0,13652755.0,7097.0,G/A,rs73415968,13651014,G,A,ENST00000359446,chr18:13645658-13652751(+),hsa-miR-7706,chr15:85380639-85380662:+,loss
rs74846209,ENSG00000104866,,3_prime_UTR_variant,ENSG00000104866,45146473.0,45147284.0,811.0,G/A/C/T,rs74846209,45146841,G,A,ENST00000221462,chr19:45146473-45146480|chr19:45146571-45147285(+),hsa-miR-212-5p,chr17:2050328-2050350:-,loss
rs74846209,ENSG00000104866,,3_prime_UTR_variant,ENSG00000104866,45146473.0,45147284.0,811.0,G/A/C/T,rs74846209,45146841,G,A,ENST00000221462,chr19:45146473-45146480|chr19:45146571-45147285(+),hsa-miR-3189-3p,chr19:18386607-18386627:+,loss
rs74846209,ENSG00000104866,,3_prime_UTR_variant,ENSG00000104866,45146473.0,45147284.0,811.0,G/A/C/T,rs74846209,45146841,G,A,ENST00000221462,chr19:45146473-45146480|chr19:45146571-45147285(+),hsa-miR-6834-3p,chr6:33290305-33290324:+,loss
rs74846209,ENSG00000104866,,3_prime_UTR_variant,ENSG00000104866,45146473.0,45147284.0,811.0,G/A/C/T,rs74846209,45146841,G,A,ENST00000221462,chr19:45146473-45146480|chr19:45146571-45147285(+),hsa-miR-219b-5p,chr9:128392634-128392655:+,loss
rs74846209,ENSG00000104866,,3_prime_UTR_variant,ENSG00000104866,45146473.0,45147284.0,811.0,G/A/C/T,rs74846209,45146841,G,A,ENST00000221462,chr19:45146473-45146480|chr19:45146571-45147285(+),hsa-miR-502-5p,chrX:50014613-50014633:+,loss
rs74846209,ENSG00000104866,,3_prime_UTR_variant,ENSG00000104866,45146473.0,45147284.0,811.0,G/A/C/T,rs74846209,45146841,G,A,ENST00000221462,chr19:45146473-45146480|chr19:45146571-45147285(+),hsa-miR-676-3p,chrX:70022899-70022919:+,loss
rs8327,ENSG00000159314,,3_prime_UTR_variant,ENSG00000159314,45393898.0,45395455.0,1557.0,A/G,rs8327,45395141,A,G,ENST00000532038,chr17:45393902-45395455(-),hsa-miR-495-3p,chr14:101033804-101033825:+,loss
rs8327,ENSG00000159314,,3_prime_UTR_variant,ENSG00000159314,45393898.0,45395455.0,1557.0,A/G,rs8327,45395141,A,G,ENST00000532038,chr17:45393902-45395455(-),hsa-miR-7-2-3p,chr15:88611896-88611917:+,loss
rs8327,ENSG00000159314,,3_prime_UTR_variant,ENSG00000159314,45393898.0,45395455.0,1557.0,A/G,rs8327,45395141,A,G,ENST00000532038,chr17:45393902-45395455(-),hsa-miR-5688,chr3:85385761-85385782:+,loss
rs8327,ENSG00000159314,,3_prime_UTR_variant,ENSG00000159314,45393898.0,45395455.0,1557.0,A/G,rs8327,45395141,A,G,ENST00000532038,chr17:45393902-45395455(-),hsa-miR-570-3p,chr3:195699460-195699481:+,loss
rs8327,ENSG00000159314,,3_prime_UTR_variant,ENSG00000159314,45393898.0,45395455.0,1557.0,A/G,rs8327,45395141,A,G,ENST00000532038,chr17:45393902-45395455(-),hsa-miR-7-1-3p,chr9:83969771-83969792:-,loss
rs896435,ENSG00000077943,ITGA8,3_prime_UTR_variant,ENSG00000077943,15513954.0,15517157.0,3203.0,C/G/T,rs896435,15515407,C,G,ENST00000378076,chr10:15513954-15517157(-),hsa-miR-6772-3p,chr16:57772290-57772312:-,loss
rs896435,ENSG00000077943,ITGA8,3_prime_UTR_variant,ENSG00000077943,15513954.0,15517157.0,3203.0,C/G/T,rs896435,15515407,C,G,ENST00000378076,chr10:15513954-15517157(-),hsa-miR-6885-3p,chr19:6389638-6389658:-,loss
rs896435,ENSG00000077943,ITGA8,3_prime_UTR_variant,ENSG00000077943,15513954.0,15517157.0,3203.0,C/G/T,rs896435,15515407,C,G,ENST00000378076,chr10:15513954-15517157(-),hsa-miR-4268,chr2:219906512-219906532:-,loss
rs896435,ENSG00000077943,ITGA8,3_prime_UTR_variant,ENSG00000077943,15513954.0,15517157.0,3203.0,C/G/T,rs896435,15515407,C,G,ENST00000378076,chr10:15513954-15517157(-),hsa-miR-4448,chr3:183886860-183886879:+,loss
rs9394766,ENSG00000112195,,3_prime_UTR_variant,ENSG00000112195,41189749.0,41192426.0,2677.0,A/G,rs9394766,41192063,A,G,ENST00000483722,chr6:41189749-41192426(-),hsa-miR-323b-3p,chr14:101056269-101056290:+,loss
rs9394766,ENSG00000112195,,3_prime_UTR_variant,ENSG00000112195,41189749.0,41192426.0,2677.0,A/G,rs9394766,41192063,A,G,ENST00000483722,chr6:41189749-41192426(-),hsa-miR-135a-3p,chr3:52294232-52294253:-,loss
rs9394766,ENSG00000112195,,3_prime_UTR_variant,ENSG00000112195,41189749.0,41192426.0,2677.0,A/G,rs9394766,41192063,A,G,ENST00000483722,chr6:41189749-41192426(-),hsa-miR-6826-5p,chr3:129272151-129272173:+,loss
rs9556958,ENSG00000102572,,3_prime_UTR_variant,ENSG00000102572,98445185.0,98453172.0,7987.0,C/A/G/T,rs9556958,98447792,C,A,ENST00000539966,chr13:98445185-98453172(-),hsa-miR-6729-5p,chr1:12029163-12029184:+,loss
rs9556958,ENSG00000102572,,3_prime_UTR_variant,ENSG00000102572,98445185.0,98453172.0,7987.0,C/A/G/T,rs9556958,98447792,C,A,ENST00000539966,chr13:98445185-98453172(-),hsa-miR-1228-5p,chr12:57194504-57194524:+,loss
rs9556958,ENSG00000102572,,3_prime_UTR_variant,ENSG00000102572,98445185.0,98453172.0,7987.0,C/A/G/T,rs9556958,98447792,C,A,ENST00000539966,chr13:98445185-98453172(-),hsa-miR-6717-5p,chr14:21023355-21023376:-,loss
rs9556958,ENSG00000102572,,3_prime_UTR_variant,ENSG00000102572,98445185.0,98453172.0,7987.0,C/A/G/T,rs9556958,98447792,C,A,ENST00000539966,chr13:98445185-98453172(-),hsa-miR-8053,chr4:47652679-47652702:+,loss
rs9556958,ENSG00000102572,,3_prime_UTR_variant,ENSG00000102572,98445185.0,98453172.0,7987.0,C/A/G/T,rs9556958,98447792,C,A,ENST00000539966,chr13:98445185-98453172(-),hsa-miR-4649-5p,chr7:44110851-44110874:+,loss
